Date Added,ICCID,Device ID,Cycle to Date Usage (MB),In Session,Modem ID,MSISDN,Customer,End Consumer ID,Usage Limit Reached,IMSI,SIM Status,Activated,Operator Account ID,Migrated SIM,Device Type,EID,SIM Profile ID
10/15/2024 11:09 AM GST,8997112212776217952,,0,No,,971831008675738,,,No,424024014187816,Test Ready,,770257074 ,No,,,ETI M2M SIM
10/15/2024 11:09 AM GST,8997112212776217951,,0,No,,971831008698691,,,No,424024014187815,Test Ready,,770257074 ,No,,,ETI M2M SIM
10/15/2024 11:09 AM GST,8997112212776217947,,0,No,,971831008695829,,,No,424024014187811,Test Ready,,770257074 ,No,,,ETI M2M SIM
10/15/2024 11:09 AM GST,8997112212776217948,,0,No,,971831008463530,,,No,424024014187812,Test Ready,,770257074 ,No,,,ETI M2M SIM
10/15/2024 11:09 AM GST,8997112212776217950,,0,No,,971831008676078,,,No,424024014187814,Test Ready,,770257074 ,No,,,ETI M2M SIM
10/15/2024 11:09 AM GST,8997112212776217946,,0,No,,971831008628326,,,No,424024014187810,Test Ready,,770257074 ,No,,,ETI M2M SIM
10/15/2024 11:09 AM GST,8997112212776217942,,0,No,,971831008578254,,,No,424024014187806,Test Ready,,770257074 ,No,,,ETI M2M SIM
10/15/2024 11:09 AM GST,8997112212776217953,,0,No,,971831008670154,,,No,424024014187817,Test Ready,,770257074 ,No,,,ETI M2M SIM
10/15/2024 11:09 AM GST,8997112212776217949,,0,No,,971831008665862,,,No,424024014187813,Test Ready,,770257074 ,No,,,ETI M2M SIM
10/15/2024 11:09 AM GST,8997112212776217945,,0,No,,971831008692547,,,No,424024014187809,Test Ready,,770257074 ,No,,,ETI M2M SIM
10/15/2024 11:09 AM GST,8997112212776217944,,0,No,,971831008645825,,,No,424024014187808,Test Ready,,770257074 ,No,,,ETI M2M SIM
10/15/2024 11:09 AM GST,8997112212776217940,,0,No,,971831008688202,,,No,424024014187804,Test Ready,,770257074 ,No,,,ETI M2M SIM
10/15/2024 11:09 AM GST,8997112212776217943,,0,No,,971831008599706,,,No,424024014187807,Test Ready,,770257074 ,No,,,ETI M2M SIM
10/15/2024 11:09 AM GST,8997112212776217941,,0,No,,971831008678028,,,No,424024014187805,Test Ready,,770257074 ,No,,,ETI M2M SIM
10/15/2024 11:09 AM GST,8997112212776217939,,0,No,,971831008668071,,,No,424024014187803,Test Ready,,770257074 ,No,,,ETI M2M SIM
10/15/2024 11:09 AM GST,8997112212776217937,,0,No,,971831008448085,,,No,424024014187801,Test Ready,,770257074 ,No,,,ETI M2M SIM
10/15/2024 11:09 AM GST,8997112212776217936,,0,No,,971831008482023,,,No,424024014187800,Test Ready,,770257074 ,No,,,ETI M2M SIM
10/15/2024 11:09 AM GST,8997112212776217938,,0,No,,971831008680308,,,No,424024014187802,Test Ready,,770257074 ,No,,,ETI M2M SIM
10/15/2024 11:09 AM GST,8997112212776217932,,0,No,,971831008618816,,,No,424024014187796,Test Ready,,770257074 ,No,,,ETI M2M SIM
10/15/2024 11:09 AM GST,8997112212776217933,,0,No,,971831008683218,,,No,424024014187797,Test Ready,,770257074 ,No,,,ETI M2M SIM
10/15/2024 11:09 AM GST,8997112212776217935,,0,No,,971831008584592,,,No,424024014187799,Test Ready,,770257074 ,No,,,ETI M2M SIM
10/15/2024 11:09 AM GST,8997112212776217934,,0,No,,971831008611868,,,No,424024014187798,Test Ready,,770257074 ,No,,,ETI M2M SIM
10/15/2024 11:09 AM GST,8997112212776217931,,0,No,,971831008679850,,,No,424024014187795,Test Ready,,770257074 ,No,,,ETI M2M SIM
10/15/2024 11:09 AM GST,8997112212776217928,,0,No,,971831008666488,,,No,424024014187792,Test Ready,,770257074 ,No,,,ETI M2M SIM
10/15/2024 11:09 AM GST,8997112212776217930,,0,No,,971831008657110,,,No,424024014187794,Test Ready,,770257074 ,No,,,ETI M2M SIM
10/15/2024 11:09 AM GST,8997112212776217926,,0,No,,971831008633037,,,No,424024014187790,Test Ready,,770257074 ,No,,,ETI M2M SIM
10/15/2024 11:09 AM GST,8997112212776217927,,0,No,,971831008659745,,,No,424024014187791,Test Ready,,770257074 ,No,,,ETI M2M SIM
10/15/2024 11:09 AM GST,8997112212776217929,,0,No,,971831008697997,,,No,424024014187793,Test Ready,,770257074 ,No,,,ETI M2M SIM
10/15/2024 11:09 AM GST,8997112212776217923,,0,No,,971831008568475,,,No,424024014187787,Test Ready,,770257074 ,No,,,ETI M2M SIM
10/15/2024 11:09 AM GST,8997112212776217924,,0,No,,971831008607094,,,No,424024014187788,Test Ready,,770257074 ,No,,,ETI M2M SIM
10/15/2024 11:09 AM GST,8997112212776217922,,0,No,,971831008324456,,,No,424024014187786,Test Ready,,770257074 ,No,,,ETI M2M SIM
10/15/2024 11:09 AM GST,8997112212776217918,,0,No,,971831008466152,,,No,424024014187782,Test Ready,,770257074 ,No,,,ETI M2M SIM
10/15/2024 11:09 AM GST,8997112212776217925,,0,No,,971831008637805,,,No,424024014187789,Test Ready,,770257074 ,No,,,ETI M2M SIM
10/15/2024 11:09 AM GST,8997112212776217921,,0,No,,971831008699151,,,No,424024014187785,Test Ready,,770257074 ,No,,,ETI M2M SIM
10/15/2024 11:09 AM GST,8997112212776217916,,0,No,,971831008572005,,,No,424024014187780,Test Ready,,770257074 ,No,,,ETI M2M SIM
10/15/2024 11:09 AM GST,8997112212776217917,,0,No,,971831008658386,,,No,424024014187781,Test Ready,,770257074 ,No,,,ETI M2M SIM
10/15/2024 11:09 AM GST,8997112212776217913,,0,No,,971831008684147,,,No,424024014187777,Test Ready,,770257074 ,No,,,ETI M2M SIM
10/15/2024 11:09 AM GST,8997112212776217920,,0,No,,971831008541953,,,No,424024014187784,Test Ready,,770257074 ,No,,,ETI M2M SIM
10/15/2024 11:09 AM GST,8997112212776217919,,0,No,,971831008616676,,,No,424024014187783,Test Ready,,770257074 ,No,,,ETI M2M SIM
10/15/2024 11:09 AM GST,8997112212776217911,,0,No,,971831008309652,,,No,424024014187775,Test Ready,,770257074 ,No,,,ETI M2M SIM
10/15/2024 11:09 AM GST,8997112212776217915,,0,No,,971831008695873,,,No,424024014187779,Test Ready,,770257074 ,No,,,ETI M2M SIM
10/15/2024 11:09 AM GST,8997112212776217914,,0,No,,971831008671337,,,No,424024014187778,Test Ready,,770257074 ,No,,,ETI M2M SIM
10/15/2024 11:09 AM GST,8997112212776217910,,0,No,,971831008693944,,,No,424024014187774,Test Ready,,770257074 ,No,,,ETI M2M SIM
10/15/2024 11:09 AM GST,8997112212776217909,,0,No,,971831008616138,,,No,424024014187773,Test Ready,,770257074 ,No,,,ETI M2M SIM
10/15/2024 11:09 AM GST,8997112212776217905,,0,No,,971831008468726,,,No,424024014187769,Test Ready,,770257074 ,No,,,ETI M2M SIM
10/15/2024 11:09 AM GST,8997112212776217912,,0,No,,971831008682873,,,No,424024014187776,Test Ready,,770257074 ,No,,,ETI M2M SIM
10/15/2024 11:09 AM GST,8997112212776217908,,0,No,,971564191959,,,No,424024014187772,Test Ready,,770257074 ,No,,,ETI M2M SIM
10/15/2024 11:09 AM GST,8997112212776217907,,0,No,,971831100630498,,,No,424024014187771,Test Ready,,770257074 ,No,,,ETI M2M SIM
10/15/2024 11:09 AM GST,8997112212776217906,,0,No,,971831008650547,,,No,424024014187770,Test Ready,,770257074 ,No,,,ETI M2M SIM
10/15/2024 11:09 AM GST,8997112212776217902,,0,No,,971831008666895,,,No,424024014187766,Test Ready,,770257074 ,No,,,ETI M2M SIM
10/15/2024 11:09 AM GST,8997112212776217904,,0,No,,971831008616574,,,No,424024014187768,Test Ready,,770257074 ,No,,,ETI M2M SIM
10/15/2024 11:09 AM GST,8997112212776217903,,0,No,,971831008690611,,,No,424024014187767,Test Ready,,770257074 ,No,,,ETI M2M SIM
10/15/2024 11:09 AM GST,8997112212776217899,,0,No,,971831008642370,,,No,424024014187763,Test Ready,,770257074 ,No,,,ETI M2M SIM
10/15/2024 11:09 AM GST,8997112212776217898,,0,No,,971831008643032,,,No,424024014187762,Test Ready,,770257074 ,No,,,ETI M2M SIM
10/15/2024 11:09 AM GST,8997112212776217900,,0,No,,971831008696748,,,No,424024014187764,Test Ready,,770257074 ,No,,,ETI M2M SIM
10/15/2024 11:09 AM GST,8997112212776217894,,0,No,,971831008521880,,,No,424024014187758,Test Ready,,770257074 ,No,,,ETI M2M SIM
10/15/2024 11:09 AM GST,8997112212776217901,,0,No,,971831008611379,,,No,424024014187765,Test Ready,,770257074 ,No,,,ETI M2M SIM
10/15/2024 11:09 AM GST,8997112212776217897,,0,No,,971831008604658,,,No,424024014187761,Test Ready,,770257074 ,No,,,ETI M2M SIM
10/15/2024 11:09 AM GST,8997112212776217896,,0,No,,971831008610414,,,No,424024014187760,Test Ready,,770257074 ,No,,,ETI M2M SIM
10/15/2024 11:09 AM GST,8997112212776217895,,0,No,,971831008652387,,,No,424024014187759,Test Ready,,770257074 ,No,,,ETI M2M SIM
10/15/2024 11:09 AM GST,8997112212776217892,,0,No,,971831008600578,,,No,424024014187756,Test Ready,,770257074 ,No,,,ETI M2M SIM
10/15/2024 11:09 AM GST,8997112212776217891,,0,No,,971831008687819,,,No,424024014187755,Test Ready,,770257074 ,No,,,ETI M2M SIM
10/15/2024 11:09 AM GST,8997112212776217890,,0,No,,971831008697676,,,No,424024014187754,Test Ready,,770257074 ,No,,,ETI M2M SIM
10/15/2024 11:09 AM GST,8997112212776217886,,0,No,,971831008698143,,,No,424024014187750,Test Ready,,770257074 ,No,,,ETI M2M SIM
10/15/2024 11:09 AM GST,8997112212776217888,,0,No,,971831008559443,,,No,424024014187752,Test Ready,,770257074 ,No,,,ETI M2M SIM
10/15/2024 11:09 AM GST,8997112212776217893,,0,No,,971831008601080,,,No,424024014187757,Test Ready,,770257074 ,No,,,ETI M2M SIM
10/15/2024 11:09 AM GST,8997112212776217887,,0,No,,971831008520152,,,No,424024014187751,Test Ready,,770257074 ,No,,,ETI M2M SIM
10/15/2024 11:09 AM GST,8997112212776217889,,0,No,,971831008541164,,,No,424024014187753,Test Ready,,770257074 ,No,,,ETI M2M SIM
10/15/2024 11:09 AM GST,8997112212776217885,,0,No,,971831008657178,,,No,424024014187749,Test Ready,,770257074 ,No,,,ETI M2M SIM
10/15/2024 11:09 AM GST,8997112212776217881,,0,No,,971831008620853,,,No,424024014187745,Test Ready,,770257074 ,No,,,ETI M2M SIM
10/15/2024 11:09 AM GST,8997112212776217884,,0,No,,971831008585898,,,No,424024014187748,Test Ready,,770257074 ,No,,,ETI M2M SIM
10/15/2024 11:09 AM GST,8997112212776217882,,0,No,,971831008372265,,,No,424024014187746,Test Ready,,770257074 ,No,,,ETI M2M SIM
10/15/2024 11:09 AM GST,8997112212776217883,,0,No,,971831008628267,,,No,424024014187747,Test Ready,,770257074 ,No,,,ETI M2M SIM
10/15/2024 11:09 AM GST,8997112212776217880,,0,No,,971831008627915,,,No,424024014187744,Test Ready,,770257074 ,No,,,ETI M2M SIM
10/15/2024 11:09 AM GST,8997112212776217878,,0,No,,971831008680558,,,No,424024014187742,Test Ready,,770257074 ,No,,,ETI M2M SIM
10/15/2024 11:09 AM GST,8997112212776217876,,0,No,,971831008616932,,,No,424024014187740,Test Ready,,770257074 ,No,,,ETI M2M SIM
10/15/2024 11:09 AM GST,8997112212776217879,,0,No,,971831008679481,,,No,424024014187743,Test Ready,,770257074 ,No,,,ETI M2M SIM
10/15/2024 11:09 AM GST,8997112212776217877,,0,No,,971831008642969,,,No,424024014187741,Test Ready,,770257074 ,No,,,ETI M2M SIM
10/15/2024 11:09 AM GST,8997112212776217875,,0,No,,971831008442365,,,No,424024014187739,Test Ready,,770257074 ,No,,,ETI M2M SIM
10/15/2024 11:09 AM GST,8997112212776217872,,0,No,,971831008522838,,,No,424024014187736,Test Ready,,770257074 ,No,,,ETI M2M SIM
10/15/2024 11:09 AM GST,8997112212776217874,,0,No,,971831008580468,,,No,424024014187738,Test Ready,,770257074 ,No,,,ETI M2M SIM
10/15/2024 11:09 AM GST,8997112212776217870,,0,No,,971831008684228,,,No,424024014187734,Test Ready,,770257074 ,No,,,ETI M2M SIM
10/15/2024 11:09 AM GST,8997112212776217871,,0,No,,971831008577763,,,No,424024014187735,Test Ready,,770257074 ,No,,,ETI M2M SIM
10/15/2024 11:09 AM GST,8997112212776217873,,0,No,,971831008508599,,,No,424024014187737,Test Ready,,770257074 ,No,,,ETI M2M SIM
10/15/2024 11:09 AM GST,8997112212776217866,,0,No,,971831008622020,,,No,424024014187730,Test Ready,,770257074 ,No,,,ETI M2M SIM
10/15/2024 11:09 AM GST,8997112212776217868,,0,No,,971831008694534,,,No,424024014187732,Test Ready,,770257074 ,No,,,ETI M2M SIM
10/15/2024 11:09 AM GST,8997112212776217869,,0,No,,971831008626245,,,No,424024014187733,Test Ready,,770257074 ,No,,,ETI M2M SIM
10/15/2024 11:09 AM GST,8997112212776217865,,0,No,,971831008507600,,,No,424024014187729,Test Ready,,770257074 ,No,,,ETI M2M SIM
10/15/2024 11:09 AM GST,8997112212776217867,,0,No,,971831008528110,,,No,424024014187731,Test Ready,,770257074 ,No,,,ETI M2M SIM
10/15/2024 11:09 AM GST,8997112212776217863,,0,No,,971831008685224,,,No,424024014187727,Test Ready,,770257074 ,No,,,ETI M2M SIM
10/15/2024 11:09 AM GST,8997112212776217862,,0,No,,971831008656022,,,No,424024014187726,Test Ready,,770257074 ,No,,,ETI M2M SIM
10/15/2024 11:09 AM GST,8997112212776217864,,0,No,,971831008518869,,,No,424024014187728,Test Ready,,770257074 ,No,,,ETI M2M SIM
10/15/2024 11:09 AM GST,8997112212776217860,,0,No,,971831008644857,,,No,424024014187724,Test Ready,,770257074 ,No,,,ETI M2M SIM
10/15/2024 11:09 AM GST,8997112212776217861,,0,No,,971831008697163,,,No,424024014187725,Test Ready,,770257074 ,No,,,ETI M2M SIM
10/15/2024 11:09 AM GST,8997112212776217856,,0,No,,971831008574263,,,No,424024014187720,Test Ready,,770257074 ,No,,,ETI M2M SIM
10/15/2024 11:09 AM GST,8997112212776217857,,0,No,,971831008615147,,,No,424024014187721,Test Ready,,770257074 ,No,,,ETI M2M SIM
10/15/2024 11:09 AM GST,8997112212776217859,,0,No,,971831008671204,,,No,424024014187723,Test Ready,,770257074 ,No,,,ETI M2M SIM
10/15/2024 11:09 AM GST,8997112212776217852,,0,No,,971831008585606,,,No,424024014187716,Test Ready,,770257074 ,No,,,ETI M2M SIM
10/15/2024 11:09 AM GST,8997112212776217855,,0,No,,971831008628971,,,No,424024014187719,Test Ready,,770257074 ,No,,,ETI M2M SIM
10/15/2024 11:09 AM GST,8997112212776217858,,0,No,,971831008610483,,,No,424024014187722,Test Ready,,770257074 ,No,,,ETI M2M SIM
10/15/2024 11:09 AM GST,8997112212776217854,,0,No,,971831008657929,,,No,424024014187718,Test Ready,,770257074 ,No,,,ETI M2M SIM
10/15/2024 11:09 AM GST,8997112212776217850,,0,No,,971831008597375,,,No,424024014187714,Test Ready,,770257074 ,No,,,ETI M2M SIM
10/15/2024 11:09 AM GST,8997112212776217851,,0,No,,971831008604672,,,No,424024014187715,Test Ready,,770257074 ,No,,,ETI M2M SIM
10/15/2024 11:09 AM GST,8997112212776217853,,0,No,,971831008649951,,,No,424024014187717,Test Ready,,770257074 ,No,,,ETI M2M SIM
10/15/2024 11:09 AM GST,8997112212776217848,,0,No,,971831008632985,,,No,424024014187712,Test Ready,,770257074 ,No,,,ETI M2M SIM
10/15/2024 11:09 AM GST,8997112212776217847,,0,No,,971831008562090,,,No,424024014187711,Test Ready,,770257074 ,No,,,ETI M2M SIM
10/15/2024 11:09 AM GST,8997112212776217846,,0,No,,971831008405677,,,No,424024014187710,Test Ready,,770257074 ,No,,,ETI M2M SIM
10/15/2024 11:09 AM GST,8997112212776217849,,0,No,,971831008665489,,,No,424024014187713,Test Ready,,770257074 ,No,,,ETI M2M SIM
10/15/2024 11:09 AM GST,8997112212776217844,,0,No,,971831008613071,,,No,424024014187708,Test Ready,,770257074 ,No,,,ETI M2M SIM
10/15/2024 11:09 AM GST,8997112212776217842,,0,No,,971831008690833,,,No,424024014187706,Test Ready,,770257074 ,No,,,ETI M2M SIM
10/15/2024 11:09 AM GST,8997112212776217845,,0,No,,971831008634629,,,No,424024014187709,Test Ready,,770257074 ,No,,,ETI M2M SIM
10/15/2024 11:09 AM GST,8997112212776217843,,0,No,,971831008614217,,,No,424024014187707,Test Ready,,770257074 ,No,,,ETI M2M SIM
10/15/2024 11:09 AM GST,8997112212776217841,,0,No,,971831008665366,,,No,424024014187705,Test Ready,,770257074 ,No,,,ETI M2M SIM
10/15/2024 11:09 AM GST,8997112212776217838,,0,No,,971831008626054,,,No,424024014187702,Test Ready,,770257074 ,No,,,ETI M2M SIM
10/15/2024 11:09 AM GST,8997112212776217840,,0,No,,971831008534176,,,No,424024014187704,Test Ready,,770257074 ,No,,,ETI M2M SIM
10/15/2024 11:09 AM GST,8997112212776217837,,0,No,,971831008630086,,,No,424024014187701,Test Ready,,770257074 ,No,,,ETI M2M SIM
10/15/2024 11:09 AM GST,8997112212776217839,,0,No,,971831008542103,,,No,424024014187703,Test Ready,,770257074 ,No,,,ETI M2M SIM
10/15/2024 11:09 AM GST,8997112212776217834,,0,No,,971831008611533,,,No,424024014187698,Test Ready,,770257074 ,No,,,ETI M2M SIM
10/15/2024 11:09 AM GST,8997112212776217836,,0,No,,971831008629908,,,No,424024014187700,Test Ready,,770257074 ,No,,,ETI M2M SIM
10/15/2024 11:09 AM GST,8997112212776217835,,0,No,,971831008672860,,,No,424024014187699,Test Ready,,770257074 ,No,,,ETI M2M SIM
10/15/2024 11:09 AM GST,8997112212776217831,,0,No,,971831008553342,,,No,424024014187695,Test Ready,,770257074 ,No,,,ETI M2M SIM
10/15/2024 11:09 AM GST,8997112212776217832,,0,No,,971831008629828,,,No,424024014187696,Test Ready,,770257074 ,No,,,ETI M2M SIM
10/15/2024 11:09 AM GST,8997112212776217833,,0,No,,971831008500091,,,No,424024014187697,Test Ready,,770257074 ,No,,,ETI M2M SIM
10/15/2024 11:09 AM GST,8997112212776217828,,0,No,,971831008646033,,,No,424024014187692,Test Ready,,770257074 ,No,,,ETI M2M SIM
10/15/2024 11:09 AM GST,8997112212776217829,,0,No,,971831008672926,,,No,424024014187693,Test Ready,,770257074 ,No,,,ETI M2M SIM
10/15/2024 11:09 AM GST,8997112212776217827,,0,No,,971831008641749,,,No,424024014187691,Test Ready,,770257074 ,No,,,ETI M2M SIM
10/15/2024 11:09 AM GST,8997112212776217830,,0,No,,971831008620505,,,No,424024014187694,Test Ready,,770257074 ,No,,,ETI M2M SIM
10/15/2024 11:09 AM GST,8997112212776217826,,0,No,,971831008569789,,,No,424024014187690,Test Ready,,770257074 ,No,,,ETI M2M SIM
10/15/2024 11:09 AM GST,8997112212776217825,,0,No,,971565165164,,,No,424024014187689,Test Ready,,770257074 ,No,,,ETI M2M SIM
10/15/2024 11:09 AM GST,8997112212776217824,,0,No,,971831008573421,,,No,424024014187688,Test Ready,,770257074 ,No,,,ETI M2M SIM
10/15/2024 11:09 AM GST,8997112212776217823,,0,No,,971831008505421,,,No,424024014187687,Test Ready,,770257074 ,No,,,ETI M2M SIM
10/15/2024 11:09 AM GST,8997112212776217820,,0,No,,971831008608590,,,No,424024014187684,Test Ready,,770257074 ,No,,,ETI M2M SIM
10/15/2024 11:09 AM GST,8997112212776217822,,0,No,,971831008357547,,,No,424024014187686,Test Ready,,770257074 ,No,,,ETI M2M SIM
10/15/2024 11:09 AM GST,8997112212776217819,,0,No,,971831008439379,,,No,424024014187683,Test Ready,,770257074 ,No,,,ETI M2M SIM
10/15/2024 11:09 AM GST,8997112212776217818,,0,No,,971831008692052,,,No,424024014187682,Test Ready,,770257074 ,No,,,ETI M2M SIM
10/15/2024 11:09 AM GST,8997112212776217814,,0,No,,971831008635941,,,No,424024014187678,Test Ready,,770257074 ,No,,,ETI M2M SIM
10/15/2024 11:09 AM GST,8997112212776217821,,0,No,,971831008519847,,,No,424024014187685,Test Ready,,770257074 ,No,,,ETI M2M SIM
10/15/2024 11:09 AM GST,8997112212776217817,,0,No,,971831008679781,,,No,424024014187681,Test Ready,,770257074 ,No,,,ETI M2M SIM
10/15/2024 11:09 AM GST,8997112212776217813,,0,No,,971544161616,,,No,424024014187677,Test Ready,,770257074 ,No,,,ETI M2M SIM
10/15/2024 11:09 AM GST,8997112212776217812,,0,No,,971831008676235,,,No,424024014187676,Test Ready,,770257074 ,No,,,ETI M2M SIM
10/15/2024 11:09 AM GST,8997112212776217816,,0,No,,971831008656781,,,No,424024014187680,Test Ready,,770257074 ,No,,,ETI M2M SIM
10/15/2024 11:09 AM GST,8997112212776217809,,0,No,,971831008680689,,,No,424024014187673,Test Ready,,770257074 ,No,,,ETI M2M SIM
10/15/2024 11:09 AM GST,8997112212776217815,,0,No,,971831008573312,,,No,424024014187679,Test Ready,,770257074 ,No,,,ETI M2M SIM
10/15/2024 11:09 AM GST,8997112212776217808,,0,No,,971831008696521,,,No,424024014187672,Test Ready,,770257074 ,No,,,ETI M2M SIM
10/15/2024 11:09 AM GST,8997112212776217805,,0,No,,971831008643272,,,No,424024014187669,Test Ready,,770257074 ,No,,,ETI M2M SIM
10/15/2024 11:09 AM GST,8997112212776217804,,0,No,,971831008587629,,,No,424024014187668,Test Ready,,770257074 ,No,,,ETI M2M SIM
10/15/2024 11:09 AM GST,8997112212776217800,,0,No,,971831008647605,,,No,424024014187664,Test Ready,,770257074 ,No,,,ETI M2M SIM
10/15/2024 11:09 AM GST,8997112212776217811,,0,No,,971831008634879,,,No,424024014187675,Test Ready,,770257074 ,No,,,ETI M2M SIM
10/15/2024 11:09 AM GST,8997112212776217810,,0,No,,971831008459092,,,No,424024014187674,Test Ready,,770257074 ,No,,,ETI M2M SIM
10/15/2024 11:09 AM GST,8997112212776217803,,0,No,,971831008664440,,,No,424024014187667,Test Ready,,770257074 ,No,,,ETI M2M SIM
10/15/2024 11:09 AM GST,8997112212776217807,,0,No,,971831008559538,,,No,424024014187671,Test Ready,,770257074 ,No,,,ETI M2M SIM
10/15/2024 11:09 AM GST,8997112212776217799,,0,No,,971831008600943,,,No,424024014187663,Test Ready,,770257074 ,No,,,ETI M2M SIM
10/15/2024 11:09 AM GST,8997112212776217806,,0,No,,971831008689848,,,No,424024014187670,Test Ready,,770257074 ,No,,,ETI M2M SIM
10/15/2024 11:09 AM GST,8997112212776217802,,0,No,,971831008641331,,,No,424024014187666,Test Ready,,770257074 ,No,,,ETI M2M SIM
10/15/2024 11:09 AM GST,8997112212776217798,,0,No,,971831008591981,,,No,424024014187662,Test Ready,,770257074 ,No,,,ETI M2M SIM
10/15/2024 11:09 AM GST,8997112212776217795,,0,No,,971831008602999,,,No,424024014187659,Test Ready,,770257074 ,No,,,ETI M2M SIM
10/15/2024 11:09 AM GST,8997112212776217794,,0,No,,971831008689208,,,No,424024014187658,Test Ready,,770257074 ,No,,,ETI M2M SIM
10/15/2024 11:09 AM GST,8997112212776217801,,0,No,,971831008640063,,,No,424024014187665,Test Ready,,770257074 ,No,,,ETI M2M SIM
10/15/2024 11:09 AM GST,8997112212776217797,,0,No,,971831008585705,,,No,424024014187661,Test Ready,,770257074 ,No,,,ETI M2M SIM
10/15/2024 11:09 AM GST,8997112212776217790,,0,No,,971831007912538,,,No,424024014187654,Test Ready,,770257074 ,No,,,ETI M2M SIM
10/15/2024 11:09 AM GST,8997112212776217793,,0,No,,971831008628289,,,No,424024014187657,Test Ready,,770257074 ,No,,,ETI M2M SIM
10/15/2024 11:09 AM GST,8997112212776217796,,0,No,,971831008699114,,,No,424024014187660,Test Ready,,770257074 ,No,,,ETI M2M SIM
10/15/2024 11:09 AM GST,8997112212776217788,,0,No,,971831008636292,,,No,424024014187652,Test Ready,,770257074 ,No,,,ETI M2M SIM
10/15/2024 11:09 AM GST,8997112212776217792,,0,No,,971831008532783,,,No,424024014187656,Test Ready,,770257074 ,No,,,ETI M2M SIM
10/15/2024 11:09 AM GST,8997112212776217789,,0,No,,971831008613259,,,No,424024014187653,Test Ready,,770257074 ,No,,,ETI M2M SIM
10/15/2024 11:09 AM GST,8997112212776217784,,0,No,,971831008538786,,,No,424024014187648,Test Ready,,770257074 ,No,,,ETI M2M SIM
10/15/2024 11:09 AM GST,8997112212776217791,,0,No,,971831008639767,,,No,424024014187655,Test Ready,,770257074 ,No,,,ETI M2M SIM
10/15/2024 11:09 AM GST,8997112212776217787,,0,No,,971831008593961,,,No,424024014187651,Test Ready,,770257074 ,No,,,ETI M2M SIM
10/15/2024 11:09 AM GST,8997112212776217783,,0,No,,971831008604413,,,No,424024014187647,Test Ready,,770257074 ,No,,,ETI M2M SIM
10/15/2024 11:09 AM GST,8997112212776217786,,0,No,,971831008648799,,,No,424024014187650,Test Ready,,770257074 ,No,,,ETI M2M SIM
10/15/2024 11:09 AM GST,8997112212776217782,,0,No,,971831100338226,,,No,424024014187646,Test Ready,,770257074 ,No,,,ETI M2M SIM
10/15/2024 11:09 AM GST,8997112212776217785,,0,No,,971831008539038,,,No,424024014187649,Test Ready,,770257074 ,No,,,ETI M2M SIM
10/15/2024 11:09 AM GST,8997112212776217778,,0,No,,971831008657879,,,No,424024014187642,Test Ready,,770257074 ,No,,,ETI M2M SIM
10/15/2024 11:09 AM GST,8997112212776217780,,0,No,,971831008698973,,,No,424024014187644,Test Ready,,770257074 ,No,,,ETI M2M SIM
10/15/2024 11:09 AM GST,8997112212776217779,,0,No,,971831008645927,,,No,424024014187643,Test Ready,,770257074 ,No,,,ETI M2M SIM
10/15/2024 11:09 AM GST,8997112212776217781,,0,No,,971831000125139,,,No,424024014187645,Test Ready,,770257074 ,No,,,ETI M2M SIM
10/15/2024 11:09 AM GST,8997112212776217777,,0,No,,971831008537317,,,No,424024014187641,Test Ready,,770257074 ,No,,,ETI M2M SIM
10/15/2024 11:09 AM GST,8997112212776217776,,0,No,,971831008682252,,,No,424024014187640,Test Ready,,770257074 ,No,,,ETI M2M SIM
10/15/2024 11:09 AM GST,8997112212776217772,,0,No,,971831008516388,,,No,424024014187636,Test Ready,,770257074 ,No,,,ETI M2M SIM
10/15/2024 11:09 AM GST,8997112212776217768,,0,No,,971831008636755,,,No,424024014187632,Test Ready,,770257074 ,No,,,ETI M2M SIM
10/15/2024 11:09 AM GST,8997112212776217774,,0,No,,971831008547137,,,No,424024014187638,Test Ready,,770257074 ,No,,,ETI M2M SIM
10/15/2024 11:09 AM GST,8997112212776217775,,0,No,,971831008644960,,,No,424024014187639,Test Ready,,770257074 ,No,,,ETI M2M SIM
10/15/2024 11:09 AM GST,8997112212776217773,,0,No,,971831008518006,,,No,424024014187637,Test Ready,,770257074 ,No,,,ETI M2M SIM
10/15/2024 11:09 AM GST,8997112212776217771,,0,No,,971831008645587,,,No,424024014187635,Test Ready,,770257074 ,No,,,ETI M2M SIM
10/15/2024 11:09 AM GST,8997112212776217770,,0,No,,971831008672844,,,No,424024014187634,Test Ready,,770257074 ,No,,,ETI M2M SIM
10/15/2024 11:09 AM GST,8997112212776217767,,0,No,,971831008638659,,,No,424024014187631,Test Ready,,770257074 ,No,,,ETI M2M SIM
10/15/2024 11:09 AM GST,8997112212776217769,,0,No,,971831008592124,,,No,424024014187633,Test Ready,,770257074 ,No,,,ETI M2M SIM
10/15/2024 11:09 AM GST,8997112212776217763,,0,No,,971831008686088,,,No,424024014187627,Test Ready,,770257074 ,No,,,ETI M2M SIM
10/15/2024 11:09 AM GST,8997112212776217762,,0,No,,971831008612426,,,No,424024014187626,Test Ready,,770257074 ,No,,,ETI M2M SIM
10/15/2024 11:09 AM GST,8997112212776217766,,0,No,,971831008656828,,,No,424024014187630,Test Ready,,770257074 ,No,,,ETI M2M SIM
10/15/2024 11:09 AM GST,8997112212776217765,,0,No,,971831008604366,,,No,424024014187629,Test Ready,,770257074 ,No,,,ETI M2M SIM
10/15/2024 11:09 AM GST,8997112212776217758,,0,No,,971831008575191,,,No,424024014187622,Test Ready,,770257074 ,No,,,ETI M2M SIM
10/15/2024 11:09 AM GST,8997112212776217764,,0,No,,971831008629746,,,No,424024014187628,Test Ready,,770257074 ,No,,,ETI M2M SIM
10/15/2024 11:09 AM GST,8997112212776217760,,0,No,,971831008556759,,,No,424024014187624,Test Ready,,770257074 ,No,,,ETI M2M SIM
10/15/2024 11:09 AM GST,8997112212776217756,,0,No,,971831008679660,,,No,424024014187620,Test Ready,,770257074 ,No,,,ETI M2M SIM
10/15/2024 11:09 AM GST,8997112212776217759,,0,No,,971831008695429,,,No,424024014187623,Test Ready,,770257074 ,No,,,ETI M2M SIM
10/15/2024 11:09 AM GST,8997112212776217755,,0,No,,971831008609179,,,No,424024014187619,Test Ready,,770257074 ,No,,,ETI M2M SIM
10/15/2024 11:09 AM GST,8997112212776217761,,0,No,,971831008561641,,,No,424024014187625,Test Ready,,770257074 ,No,,,ETI M2M SIM
10/15/2024 11:09 AM GST,8997112212776217757,,0,No,,971831008686061,,,No,424024014187621,Test Ready,,770257074 ,No,,,ETI M2M SIM
10/15/2024 11:09 AM GST,8997112212776217754,,0,No,,971831008481395,,,No,424024014187618,Test Ready,,770257074 ,No,,,ETI M2M SIM
08/16/2024 07:26 PM GST,8997112212774067672,,19.646,Yes,,971831008326967,,,No,424024013732632,Activated,09/23/2025,770257074 ,No,,,ETI M2M SIM
08/16/2024 07:26 PM GST,8997112212774067673,,0,No,,971831008200489,,,No,424024013732633,Activated,01/07/2025,770257074 ,No,,,ETI M2M SIM
08/16/2024 07:26 PM GST,8997112212774067671,,0,No,,971831008165798,,,No,424024013732631,Activation Ready,01/20/2025,770257074 ,No,,,ETI M2M SIM
08/16/2024 07:26 PM GST,8997112212774067670,,0,No,,971831008388993,,,No,424024013732630,Activated,01/07/2025,770257074 ,No,,,ETI M2M SIM
08/16/2024 07:26 PM GST,8997112212774067669,,0.858,Yes,,971831008395242,,,No,424024013732629,Activated,06/25/2025,770257074 ,No,,,ETI M2M SIM
08/16/2024 07:26 PM GST,8997112212774067668,,0,No,,971831008342643,,,No,424024013732628,Activation Ready,01/20/2025,770257074 ,No,,,ETI M2M SIM
08/16/2024 07:26 PM GST,8997112212774067664,,0,No,,971831008365440,,,No,424024013732624,Activation Ready,01/20/2025,770257074 ,No,,,ETI M2M SIM
08/16/2024 07:26 PM GST,8997112212774067667,,0,No,,971831008389986,,,No,424024013732627,Activation Ready,01/20/2025,770257074 ,No,,,ETI M2M SIM
08/16/2024 07:26 PM GST,8997112212774067666,,0,No,,971831008374711,,,No,424024013732626,Activated,08/21/2025,770257074 ,No,,,ETI M2M SIM
08/16/2024 07:26 PM GST,8997112212774067662,,0,No,,971831008300122,,,No,424024013732622,Activation Ready,01/07/2025,770257074 ,No,,,ETI M2M SIM
08/16/2024 07:26 PM GST,8997112212774067661,,0,No,,971831008387210,,,No,424024013732621,Activated,01/08/2025,770257074 ,No,,,ETI M2M SIM
08/16/2024 07:26 PM GST,8997112212774067665,,0,No,,971831008257129,,,No,424024013732625,Activation Ready,01/17/2025,770257074 ,No,,,ETI M2M SIM
08/16/2024 07:26 PM GST,8997112212774067663,,0,No,,971831008354003,,,No,424024013732623,Activated,01/07/2025,770257074 ,No,,,ETI M2M SIM
08/16/2024 07:26 PM GST,8997112212774067660,,0,No,,971831008353263,,,No,424024013732620,Activated,01/07/2025,770257074 ,No,,,ETI M2M SIM
08/16/2024 07:26 PM GST,8997112212774067659,,0,No,,971831008388415,,,No,424024013732619,Activation Ready,01/07/2025,770257074 ,No,,,ETI M2M SIM
08/16/2024 07:26 PM GST,8997112212774067658,,0,No,,971831008316914,,,No,424024013732618,Activated,01/09/2025,770257074 ,No,,,ETI M2M SIM
08/16/2024 07:26 PM GST,8997112212774067655,,0,No,,971831008298089,,,No,424024013732615,Activation Ready,01/09/2025,770257074 ,No,,,ETI M2M SIM
08/16/2024 07:26 PM GST,8997112212774067657,,0,No,,971831008314787,,,No,424024013732617,Activation Ready,01/09/2025,770257074 ,No,,,ETI M2M SIM
08/16/2024 07:26 PM GST,8997112212774067656,,0,No,,971831008388837,,,No,424024013732616,Activated,03/11/2025,770257074 ,No,,,ETI M2M SIM
08/16/2024 07:26 PM GST,8997112212774067654,,0,No,,971831008333302,,,No,424024013732614,Activation Ready,01/13/2025,770257074 ,No,,,ETI M2M SIM
08/16/2024 07:26 PM GST,8997112212774067652,,0,No,,971831008225292,,,No,424024013732612,Activation Ready,01/08/2025,770257074 ,No,,,ETI M2M SIM
08/16/2024 07:26 PM GST,8997112212774067653,,0,No,,971831008366383,,,No,424024013732613,Activation Ready,01/09/2025,770257074 ,No,,,ETI M2M SIM
08/16/2024 07:26 PM GST,8997112212774067650,,0,No,,971831008396745,,,No,424024013732610,Activation Ready,01/09/2025,770257074 ,No,,,ETI M2M SIM
08/16/2024 07:26 PM GST,8997112212774067651,,0,No,,971831008331623,,,No,424024013732611,Activation Ready,01/08/2025,770257074 ,No,,,ETI M2M SIM
08/16/2024 07:26 PM GST,8997112212774067649,,0,No,,971831008396289,,,No,424024013732609,Activation Ready,01/08/2025,770257074 ,No,,,ETI M2M SIM
08/16/2024 07:26 PM GST,8997112212774067648,,0,No,,971831008322735,,,No,424024013732608,Activation Ready,01/08/2025,770257074 ,No,,,ETI M2M SIM
08/16/2024 07:26 PM GST,8997112212774067644,,0,No,,971831008302826,,,No,424024013732604,Activated,01/08/2025,770257074 ,No,,,ETI M2M SIM
08/16/2024 07:26 PM GST,8997112212774067647,,0,No,,971831008263197,,,No,424024013732607,Activation Ready,01/08/2025,770257074 ,No,,,ETI M2M SIM
08/16/2024 07:26 PM GST,8997112212774067645,,0,No,,971831008398108,,,No,424024013732605,Activated,01/09/2025,770257074 ,No,,,ETI M2M SIM
08/16/2024 07:26 PM GST,8997112212774067646,,0,No,,971831008336078,,,No,424024013732606,Activation Ready,01/08/2025,770257074 ,No,,,ETI M2M SIM
08/16/2024 07:26 PM GST,8997112212774067640,,0,No,,971831008294186,,,No,424024013732600,Activation Ready,01/09/2025,770257074 ,No,,,ETI M2M SIM
08/16/2024 07:26 PM GST,8997112212774067636,,0,No,,971831008335556,,,No,424024013732596,Activation Ready,01/07/2025,770257074 ,No,,,ETI M2M SIM
08/16/2024 07:26 PM GST,8997112212774067643,,0,No,,971831008362958,,,No,424024013732603,Activation Ready,01/09/2025,770257074 ,No,,,ETI M2M SIM
08/16/2024 07:26 PM GST,8997112212774067642,,0,No,,971831008306506,,,No,424024013732602,Activated,01/08/2025,770257074 ,No,,,ETI M2M SIM
08/16/2024 07:26 PM GST,8997112212774067639,,0,No,,971831008315819,,,No,424024013732599,Activation Ready,01/10/2025,770257074 ,No,,,ETI M2M SIM
08/16/2024 07:26 PM GST,8997112212774067631,,0,No,,971831008342087,,,No,424024013732591,Test Ready,,770257074 ,No,,,ETI M2M SIM
08/16/2024 07:26 PM GST,8997112212774067635,,0,No,,971831008357886,,,No,424024013732595,Activation Ready,01/10/2025,770257074 ,No,,,ETI M2M SIM
08/16/2024 07:26 PM GST,8997112212774067638,,0,No,,971831008285859,,,No,424024013732598,Activated,01/08/2025,770257074 ,No,,,ETI M2M SIM
08/16/2024 07:26 PM GST,8997112212774067641,,0,No,,971831008221210,,,No,424024013732601,Activation Ready,01/09/2025,770257074 ,No,,,ETI M2M SIM
08/16/2024 07:26 PM GST,8997112212774067630,,0,No,,971831008148988,,,No,424024013732590,Test Ready,,770257074 ,No,,,ETI M2M SIM
08/16/2024 07:26 PM GST,8997112212774067634,,0,No,,971831008327604,,,No,424024013732594,Activation Ready,01/10/2025,770257074 ,No,,,ETI M2M SIM
08/16/2024 07:26 PM GST,8997112212774067637,,0,No,,971831008398409,,,No,424024013732597,Activation Ready,01/09/2025,770257074 ,No,,,ETI M2M SIM
08/16/2024 07:26 PM GST,8997112212774067626,,0,No,,971831008309541,,,No,424024013732586,Test Ready,,770257074 ,No,,,ETI M2M SIM
08/16/2024 07:26 PM GST,8997112212774067632,,15.106,No,,971831008392089,,,No,424024013732592,Activated,01/10/2025,770257074 ,No,,,ETI M2M SIM
08/16/2024 07:26 PM GST,8997112212774067633,,0,No,,971831008351989,,,No,424024013732593,Activation Ready,01/06/2025,770257074 ,No,,,ETI M2M SIM
08/16/2024 07:26 PM GST,8997112212774067629,,0,No,,971831008361125,,,No,424024013732589,Test Ready,,770257074 ,No,,,ETI M2M SIM
08/16/2024 07:26 PM GST,8997112212774067625,,0,No,,971831008321501,,,No,424024013732585,Test Ready,,770257074 ,No,,,ETI M2M SIM
08/16/2024 07:26 PM GST,8997112212774067628,,0,No,,971831008313962,,,No,424024013732588,Activated,07/16/2025,770257074 ,No,,,ETI M2M SIM
08/16/2024 07:26 PM GST,8997112212774067627,,0,No,,971831008397151,,,No,424024013732587,Test Ready,,770257074 ,No,,,ETI M2M SIM
08/16/2024 07:26 PM GST,8997112212774067624,,0,No,,971831008369410,,,No,424024013732584,Activation Ready,01/21/2025,770257074 ,No,,,ETI M2M SIM
08/16/2024 07:26 PM GST,8997112212774067620,,0,No,,971831008222786,,,No,424024013732580,Test Ready,,770257074 ,No,,,ETI M2M SIM
08/16/2024 07:26 PM GST,8997112212774067616,,0,No,,971831008330918,,,No,424024013732576,Test Ready,,770257074 ,No,,,ETI M2M SIM
08/16/2024 07:26 PM GST,8997112212774067623,,0,No,,971831008315271,,,No,424024013732583,Test Ready,,770257074 ,No,,,ETI M2M SIM
08/16/2024 07:26 PM GST,8997112212774067622,,0,No,,971831008262223,,,No,424024013732582,Activation Ready,01/14/2025,770257074 ,No,,,ETI M2M SIM
08/16/2024 07:26 PM GST,8997112212774067619,,0,No,,971831008386630,,,No,424024013732579,Activation Ready,01/14/2025,770257074 ,No,,,ETI M2M SIM
08/16/2024 07:26 PM GST,8997112212774067621,,0,No,,971831008344476,,,No,424024013732581,Activation Ready,01/13/2025,770257074 ,No,,,ETI M2M SIM
08/16/2024 07:26 PM GST,8997112212774067618,,0,No,,971831100790921,,,No,424024013732578,Activation Ready,01/13/2025,770257074 ,No,,,ETI M2M SIM
08/16/2024 07:26 PM GST,8997112212774067614,,0,No,,971831008377262,,,No,424024013732574,Test Ready,,770257074 ,No,,,ETI M2M SIM
08/16/2024 07:26 PM GST,8997112212774067615,,0,No,,971831008305742,,,No,424024013732575,Test Ready,,770257074 ,No,,,ETI M2M SIM
08/16/2024 07:26 PM GST,8997112212774067617,,0,No,,971831008385163,,,No,424024013732577,Activated,06/26/2025,770257074 ,No,,,ETI M2M SIM
08/16/2024 07:26 PM GST,8997112212774067613,,0,No,,971831008161797,,,No,424024013732573,Test Ready,,770257074 ,No,,,ETI M2M SIM
08/16/2024 07:26 PM GST,8997112212774067609,,0,No,,971831008293738,,,No,424024013732569,Test Ready,,770257074 ,No,,,ETI M2M SIM
08/16/2024 07:26 PM GST,8997112212774067612,,0,No,,971831008343864,,,No,424024013732572,Test Ready,,770257074 ,No,,,ETI M2M SIM
08/16/2024 07:26 PM GST,8997112212774067604,,15.333,No,,971831008353642,,,No,424024013732564,Activated,03/25/2025,770257074 ,No,,,ETI M2M SIM
08/16/2024 07:26 PM GST,8997112212774067608,,4.57,Yes,,971831008323760,,,No,424024013732568,Activated,04/25/2025,770257074 ,No,,,ETI M2M SIM
08/16/2024 07:26 PM GST,8997112212774067600,,14.253,Yes,,971831008302422,,,No,424024013732560,Activated,04/30/2025,770257074 ,No,,,ETI M2M SIM
08/16/2024 07:26 PM GST,8997112212774067611,,0,No,,971831008381797,,,No,424024013732571,Test Ready,,770257074 ,No,,,ETI M2M SIM
08/16/2024 07:26 PM GST,8997112212774067610,,0,No,,971831008311806,,,No,424024013732570,Activated,06/03/2025,770257074 ,No,,,ETI M2M SIM
08/16/2024 07:26 PM GST,8997112212774067603,,9.365,No,,971831008108217,,,No,424024013732563,Activated,04/25/2025,770257074 ,No,,,ETI M2M SIM
08/16/2024 07:26 PM GST,8997112212774067607,SCHOOLBUS,0,No,,971831008335766,,,No,424024013732567,Deactivated,04/17/2025,770257074 ,No,,,ETI M2M SIM
08/16/2024 07:26 PM GST,8997112212774067599,,0,No,,971831008310334,,,No,424024013732559,Test Ready,,770257074 ,No,,,ETI M2M SIM
08/16/2024 07:26 PM GST,8997112212774067602,,4.588,Yes,,971831008329996,,,No,424024013732562,Activated,03/25/2025,770257074 ,No,,,ETI M2M SIM
08/16/2024 07:26 PM GST,8997112212774067606,,0,No,,971831008369110,,,No,424024013732566,Activated,03/17/2025,770257074 ,No,,,ETI M2M SIM
08/16/2024 07:26 PM GST,8997112212774067598,,0,No,,971831008201647,,,No,424024013732558,Test Ready,,770257074 ,No,,,ETI M2M SIM
08/16/2024 07:26 PM GST,8997112212774067605,,5.095,Yes,,971831008349074,,,No,424024013732565,Activated,04/04/2025,770257074 ,No,,,ETI M2M SIM
08/16/2024 07:26 PM GST,8997112212774067601,,8.167,No,,971831008350756,,,No,424024013732561,Activated,03/25/2025,770257074 ,No,,,ETI M2M SIM
08/16/2024 07:26 PM GST,8997112212774067597,,0,No,,971831008353014,,,No,424024013732557,Test Ready,,770257074 ,No,,,ETI M2M SIM
08/16/2024 07:26 PM GST,8997112212774067593,,0,No,,971831008376087,,,No,424024013732553,Test Ready,,770257074 ,No,,,ETI M2M SIM
08/16/2024 07:26 PM GST,8997112212774067596,,0,No,,971831008375377,,,No,424024013732556,Test Ready,,770257074 ,No,,,ETI M2M SIM
08/16/2024 07:26 PM GST,8997112212774067592,,0,No,,971831008334270,,,No,424024013732552,Test Ready,,770257074 ,No,,,ETI M2M SIM
08/16/2024 07:26 PM GST,8997112212774067588,,0,No,,971831008300858,,,No,424024013732548,Test Ready,,770257074 ,No,,,ETI M2M SIM
08/16/2024 07:26 PM GST,8997112212774067595,,7.99,No,,971831008317241,,,No,424024013732555,Activated,04/04/2025,770257074 ,No,,,ETI M2M SIM
08/16/2024 07:26 PM GST,8997112212774067591,,0,No,,971831008145317,,,No,424024013732551,Test Ready,,770257074 ,No,,,ETI M2M SIM
08/16/2024 07:26 PM GST,8997112212774067594,,7.137,Yes,,971831008330081,,,No,424024013732554,Activated,07/03/2025,770257074 ,No,,,ETI M2M SIM
08/16/2024 07:26 PM GST,8997112212774067587,,0,No,,971831008359621,,,No,424024013732547,Test Ready,,770257074 ,No,,,ETI M2M SIM
08/16/2024 07:26 PM GST,8997112212774067579,,0,No,,971831008214331,,,No,424024013732539,Test Ready,,770257074 ,No,,,ETI M2M SIM
08/16/2024 07:26 PM GST,8997112212774067583,,11.208,No,,971831008381292,,,No,424024013732543,Activated,08/07/2025,770257074 ,No,,,ETI M2M SIM
08/16/2024 07:26 PM GST,8997112212774067589,,0,No,,971831008355036,,,No,424024013732549,Test Ready,,770257074 ,No,,,ETI M2M SIM
08/16/2024 07:26 PM GST,8997112212774067585,,0,No,,971831008378437,,,No,424024013732545,Test Ready,,770257074 ,No,,,ETI M2M SIM
08/16/2024 07:26 PM GST,8997112212774067590,,0,No,,971831008393561,,,No,424024013732550,Test Ready,,770257074 ,No,,,ETI M2M SIM
08/16/2024 07:26 PM GST,8997112212774067586,,0,No,,971831008322198,,,No,424024013732546,Test Ready,,770257074 ,No,,,ETI M2M SIM
08/16/2024 07:26 PM GST,8997112212774067582,,0,No,,971831008269616,,,No,424024013732542,Activated,02/03/2025,770257074 ,No,,,ETI M2M SIM
08/16/2024 07:26 PM GST,8997112212774067578,,0,No,,971831008346545,,,No,424024013732538,Test Ready,,770257074 ,No,,,ETI M2M SIM
08/16/2024 07:26 PM GST,8997112212774067575,,0,No,,971831008350058,,,No,424024013732535,Activation Ready,,770257074 ,No,,,ETI M2M SIM
08/16/2024 07:26 PM GST,8997112212774067581,,0,No,,971831008354373,,,No,424024013732541,Activated,01/28/2025,770257074 ,No,,,ETI M2M SIM
08/16/2024 07:26 PM GST,8997112212774067577,,0,No,,971831008369637,,,No,424024013732537,Test Ready,,770257074 ,No,,,ETI M2M SIM
08/16/2024 07:26 PM GST,8997112212774067584,,7.891,Yes,,971831008341123,,,No,424024013732544,Activated,04/28/2025,770257074 ,No,,,ETI M2M SIM
08/16/2024 07:26 PM GST,8997112212774067580,,0,No,,971831008311453,,,No,424024013732540,Activation Ready,,770257074 ,No,,,ETI M2M SIM
08/16/2024 07:26 PM GST,8997112212774067576,,55.473,Yes,,971831008385972,,,No,424024013732536,Activated,01/28/2025,770257074 ,No,,,ETI M2M SIM
08/16/2024 07:26 PM GST,8997112212774067574,,0,No,,971831008251178,,,No,424024013732534,Activated,01/09/2025,770257074 ,No,,,ETI M2M SIM
08/16/2024 07:15 PM GST,8997112212774017972,,0,No,,971831008137641,,,No,424024013682932,Activation Ready,11/06/2024,770257074 ,No,,,ETI M2M SIM
08/16/2024 07:15 PM GST,8997112212774017968,,0,No,,971831008194461,,,No,424024013682928,Activation Ready,11/04/2024,770257074 ,No,,,ETI M2M SIM
08/16/2024 07:15 PM GST,8997112212774017971,,0,No,,971831008081472,,,No,424024013682931,Activation Ready,11/04/2024,770257074 ,No,,,ETI M2M SIM
08/16/2024 07:15 PM GST,8997112212774017963,,0,No,,971831008026932,,,No,424024013682923,Activation Ready,11/04/2024,770257074 ,No,,,ETI M2M SIM
08/16/2024 07:15 PM GST,8997112212774017967,,0,No,,971831008143400,,,No,424024013682927,Activation Ready,10/31/2024,770257074 ,No,,,ETI M2M SIM
08/16/2024 07:15 PM GST,8997112212774017970,,0,No,,971831008148750,,,No,424024013682930,Activation Ready,10/30/2024,770257074 ,No,,,ETI M2M SIM
08/16/2024 07:15 PM GST,8997112212774017964,,0,No,,971831008143825,,,No,424024013682924,Activation Ready,10/30/2024,770257074 ,No,,,ETI M2M SIM
08/16/2024 07:15 PM GST,8997112212774017966,,0,No,,971831008186480,,,No,424024013682926,Activation Ready,10/30/2024,770257074 ,No,,,ETI M2M SIM
08/16/2024 07:15 PM GST,8997112212774017960,,0,No,,971831008154270,,,No,424024013682920,Activation Ready,11/04/2024,770257074 ,No,,,ETI M2M SIM
08/16/2024 07:15 PM GST,8997112212774017959,,0,No,,971831008042587,,,No,424024013682919,Activation Ready,11/14/2024,770257074 ,No,,,ETI M2M SIM
08/16/2024 07:15 PM GST,8997112212774017962,,0,No,,971831008164447,,,No,424024013682922,Activation Ready,01/06/2025,770257074 ,No,,,ETI M2M SIM
08/16/2024 07:15 PM GST,8997112212774017955,,0,No,,971831008120481,,,No,424024013682915,Activated,11/14/2024,770257074 ,No,,,ETI M2M SIM
08/16/2024 07:15 PM GST,8997112212774017951,,0,No,,971831008155297,,,No,424024013682911,Activated,01/06/2025,770257074 ,No,,,ETI M2M SIM
08/16/2024 07:15 PM GST,8997112212774017958,,30.53,Yes,,971831008173592,,,No,424024013682918,Activated,11/14/2024,770257074 ,No,,,ETI M2M SIM
08/16/2024 07:15 PM GST,8997112212774017950,,25.317,Yes,,971831008135573,,,No,424024013682910,Activated,12/19/2024,770257074 ,No,,,ETI M2M SIM
08/16/2024 07:15 PM GST,8997112212774017954,,0,No,,971831008119962,,,No,424024013682914,Activated,11/21/2024,770257074 ,No,,,ETI M2M SIM
08/16/2024 07:15 PM GST,8997112212774017973,,0,No,,971831008160273,,,No,424024013682933,Activated,06/19/2025,770257074 ,No,,,ETI M2M SIM
08/16/2024 07:15 PM GST,8997112212774017946,,0,No,,971831008169299,,,No,424024013682906,Activation Ready,12/12/2024,770257074 ,No,,,ETI M2M SIM
08/16/2024 07:15 PM GST,8997112212774017942,,0,No,,971831008187788,,,No,424024013682902,Activated,12/20/2024,770257074 ,No,,,ETI M2M SIM
08/16/2024 07:15 PM GST,8997112212774017969,,0,No,,971831008183445,,,No,424024013682929,Activation Ready,01/20/2025,770257074 ,No,,,ETI M2M SIM
08/16/2024 07:15 PM GST,8997112212774017956,,0,No,,971831008110777,,,No,424024013682916,Activated,11/15/2024,770257074 ,No,,,ETI M2M SIM
08/16/2024 07:15 PM GST,8997112212774017938,,0,No,,971831008138311,,,No,424024013682898,Activated,12/12/2024,770257074 ,No,,,ETI M2M SIM
08/16/2024 07:15 PM GST,8997112212774017947,,0,No,,971831008027865,,,No,424024013682907,Activation Ready,12/11/2024,770257074 ,No,,,ETI M2M SIM
08/16/2024 07:15 PM GST,8997112212774017965,,0,No,,971831008177932,,,No,424024013682925,Activated,01/06/2025,770257074 ,No,,,ETI M2M SIM
08/16/2024 07:15 PM GST,8997112212774017961,,0,No,,971831008174712,,,No,424024013682921,Activation Ready,01/06/2025,770257074 ,No,,,ETI M2M SIM
08/16/2024 07:15 PM GST,8997112212774017957,,0,No,,971831008173987,,,No,424024013682917,Activation Ready,01/06/2025,770257074 ,No,,,ETI M2M SIM
08/16/2024 07:15 PM GST,8997112212774017953,,0,No,,971831008151344,,,No,424024013682913,Activation Ready,01/06/2025,770257074 ,No,,,ETI M2M SIM
08/16/2024 07:15 PM GST,8997112212774017949,,0,No,,971831008112487,,,No,424024013682909,Activation Ready,12/10/2024,770257074 ,No,,,ETI M2M SIM
08/16/2024 07:15 PM GST,8997112212774017941,,0,No,,971831008162891,,,No,424024013682901,Activated,12/10/2024,770257074 ,No,,,ETI M2M SIM
08/16/2024 07:15 PM GST,8997112212774017952,,21.686,Yes,,971831008112265,,,No,424024013682912,Activated,11/19/2024,770257074 ,No,,,ETI M2M SIM
08/16/2024 07:15 PM GST,8997112212774017945,,0,No,,971831008108102,,,No,424024013682905,Activated,12/12/2024,770257074 ,No,,,ETI M2M SIM
08/16/2024 07:15 PM GST,8997112212774017937,,0,No,,971831008005730,,,No,424024013682897,Activation Ready,12/12/2024,770257074 ,No,,,ETI M2M SIM
08/16/2024 07:15 PM GST,8997112212774017948,,0,No,,971831008189225,,,No,424024013682908,Activation Ready,12/10/2024,770257074 ,No,,,ETI M2M SIM
08/16/2024 07:15 PM GST,8997112212774017934,,0,No,,971831008161871,,,No,424024013682894,Activation Ready,12/13/2024,770257074 ,No,,,ETI M2M SIM
08/16/2024 07:15 PM GST,8997112212774017943,,0,No,,971831008194813,,,No,424024013682903,Activation Ready,12/10/2024,770257074 ,No,,,ETI M2M SIM
08/16/2024 07:15 PM GST,8997112212774017944,,0,No,,971831008002245,,,No,424024013682904,Activation Ready,12/09/2024,770257074 ,No,,,ETI M2M SIM
08/16/2024 07:15 PM GST,8997112212774017940,,0,No,,971831008111536,,,No,424024013682900,Activated,12/12/2024,770257074 ,No,,,ETI M2M SIM
08/16/2024 07:15 PM GST,8997112212774017936,,0,No,,971831008144908,,,No,424024013682896,Activation Ready,12/13/2024,770257074 ,No,,,ETI M2M SIM
08/16/2024 07:15 PM GST,8997112212774017933,,0,No,,971831008198037,,,No,424024013682893,Activation Ready,12/12/2024,770257074 ,No,,,ETI M2M SIM
08/16/2024 07:15 PM GST,8997112212774017939,,0,No,,971831008152189,,,No,424024013682899,Activation Ready,12/11/2024,770257074 ,No,,,ETI M2M SIM
08/16/2024 07:15 PM GST,8997112212774017932,,0,No,,971831008114197,,,No,424024013682892,Activation Ready,12/10/2024,770257074 ,No,,,ETI M2M SIM
08/16/2024 07:15 PM GST,8997112212774017920,,0,No,,971831008187518,,,No,424024013682880,Activation Ready,11/06/2024,770257074 ,No,,,ETI M2M SIM
08/16/2024 07:15 PM GST,8997112212774017928,,30.17,Yes,,971831008183203,,,No,424024013682888,Activated,10/31/2024,770257074 ,No,,,ETI M2M SIM
08/16/2024 07:15 PM GST,8997112212774017924,,0,No,,971831008146201,,,No,424024013682884,Activated,10/28/2024,770257074 ,No,,,ETI M2M SIM
08/16/2024 07:15 PM GST,8997112212774017930,,24.592,Yes,,971831007920780,,,No,424024013682890,Activated,11/07/2024,770257074 ,No,,,ETI M2M SIM
08/16/2024 07:15 PM GST,8997112212774017931,,21.127,Yes,,971831008196765,,,No,424024013682891,Activated,12/11/2024,770257074 ,No,,,ETI M2M SIM
08/16/2024 07:15 PM GST,8997112212774017935,,0,No,,971831008148724,,,No,424024013682895,Activated,12/11/2024,770257074 ,No,,,ETI M2M SIM
08/16/2024 07:15 PM GST,8997112212774017927,,0,No,,971831008122013,,,No,424024013682887,Activated,11/01/2024,770257074 ,No,,,ETI M2M SIM
08/16/2024 07:15 PM GST,8997112212774017919,,0,No,,971831008185666,,,No,424024013682879,Activation Ready,11/07/2024,770257074 ,No,,,ETI M2M SIM
08/16/2024 07:15 PM GST,8997112212774017923,,0,No,,971831008124642,,,No,424024013682883,Activation Ready,10/29/2024,770257074 ,No,,,ETI M2M SIM
08/16/2024 07:15 PM GST,8997112212774017926,,0,No,,971831008092379,,,No,424024013682886,Activated,10/29/2024,770257074 ,No,,,ETI M2M SIM
08/16/2024 07:15 PM GST,8997112212774017915,,0,No,,971831008189677,,,No,424024013682875,Activated,11/05/2024,770257074 ,No,,,ETI M2M SIM
08/16/2024 07:15 PM GST,8997112212774017911,,0,No,,971831008107795,,,No,424024013682871,Activation Ready,11/12/2024,770257074 ,No,,,ETI M2M SIM
08/16/2024 07:15 PM GST,8997112212774017918,,0,No,,971831008130098,,,No,424024013682878,Activated,11/06/2024,770257074 ,No,,,ETI M2M SIM
08/16/2024 07:15 PM GST,8997112212774017922,,27.596,Yes,,971831008122281,,,No,424024013682882,Activated,11/07/2024,770257074 ,No,,,ETI M2M SIM
08/16/2024 07:15 PM GST,8997112212774017914,,0,No,,971831008002250,,,No,424024013682874,Activated,11/08/2024,770257074 ,No,,,ETI M2M SIM
08/16/2024 07:15 PM GST,8997112212774017929,,0,No,,971831008199725,,,No,424024013682889,Activated,10/31/2024,770257074 ,No,,,ETI M2M SIM
08/16/2024 07:15 PM GST,8997112212774017898,,7.215,No,,971831008103941,,,No,424024013682858,Activated,08/14/2025,770257074 ,No,,,ETI M2M SIM
08/16/2024 07:15 PM GST,8997112212774017906,,0,No,,971831008198502,,,No,424024013682866,Activation Ready,11/12/2024,770257074 ,No,,,ETI M2M SIM
08/16/2024 07:15 PM GST,8997112212774017902,,0,No,,971831008141740,,,No,424024013682862,Activated,01/06/2025,770257074 ,No,,,ETI M2M SIM
08/16/2024 07:15 PM GST,8997112212774017910,,0,No,,971831008105175,,,No,424024013682870,Activation Ready,11/13/2024,770257074 ,No,,,ETI M2M SIM
08/16/2024 07:15 PM GST,8997112212774017916,,0,No,,971831008159904,,,No,424024013682876,Activated,11/07/2024,770257074 ,No,,,ETI M2M SIM
08/16/2024 07:15 PM GST,8997112212774017925,,26.146,Yes,,971831008062673,,,No,424024013682885,Activated,10/29/2024,770257074 ,No,,,ETI M2M SIM
08/16/2024 07:15 PM GST,8997112212774017921,,0,No,,971831008179847,,,No,424024013682881,Activation Ready,11/07/2024,770257074 ,No,,,ETI M2M SIM
08/16/2024 07:15 PM GST,8997112212774017917,,0,No,,971831007921107,,,No,424024013682877,Activated,11/06/2024,770257074 ,No,,,ETI M2M SIM
08/16/2024 07:15 PM GST,8997112212774017913,,5.648,No,,971831008129083,,,No,424024013682873,Activated,12/26/2024,770257074 ,No,,,ETI M2M SIM
08/16/2024 07:15 PM GST,8997112212774017907,,0,No,,971831008138218,,,No,424024013682867,Activation Ready,12/30/2024,770257074 ,No,,,ETI M2M SIM
08/16/2024 07:15 PM GST,8997112212774017912,,0,No,,971831008136431,,,No,424024013682872,Activated,11/12/2024,770257074 ,No,,,ETI M2M SIM
08/16/2024 07:15 PM GST,8997112212774017894,,0,No,,971831008137249,,,No,424024013682854,Activation Ready,01/06/2025,770257074 ,No,,,ETI M2M SIM
08/16/2024 07:15 PM GST,8997112212774017909,,0,No,,971831008139400,,,No,424024013682869,Activation Ready,11/13/2024,770257074 ,No,,,ETI M2M SIM
08/16/2024 07:15 PM GST,8997112212774017901,,0,No,,971831008122654,,,No,424024013682861,Activation Ready,01/06/2025,770257074 ,No,,,ETI M2M SIM
08/16/2024 07:15 PM GST,8997112212774017905,,0,No,,971831008117895,,,No,424024013682865,Activation Ready,11/13/2024,770257074 ,No,,,ETI M2M SIM
08/16/2024 07:15 PM GST,8997112212774017908,,0,No,,971831008037958,,,No,424024013682868,Activation Ready,11/19/2024,770257074 ,No,,,ETI M2M SIM
08/16/2024 07:15 PM GST,8997112212774017904,,0,No,,971831008120694,,,No,424024013682864,Activated,11/12/2024,770257074 ,No,,,ETI M2M SIM
08/16/2024 07:15 PM GST,8997112212774017897,,12.941,Yes,,971831008158808,,,No,424024013682857,Activated,12/12/2024,770257074 ,No,,,ETI M2M SIM
08/16/2024 07:15 PM GST,8997112212774017900,,0,No,,971831008141949,,,No,424024013682860,Activation Ready,,770257074 ,No,,,ETI M2M SIM
08/16/2024 07:15 PM GST,8997112212774017893,,0,No,,971831008178574,,,No,424024013682853,Activated,01/16/2025,770257074 ,No,,,ETI M2M SIM
08/16/2024 07:15 PM GST,8997112212774017896,,89.005,Yes,,971831008132127,,,No,424024013682856,Activated,12/12/2024,770257074 ,No,,,ETI M2M SIM
08/16/2024 07:15 PM GST,8997112212774017903,,6.473,Yes,,971831008112590,,,No,424024013682863,Activated,01/02/2025,770257074 ,No,,,ETI M2M SIM
08/16/2024 07:15 PM GST,8997112212774017884,,0,No,,971831008142913,,,No,424024013682844,Test Ready,,770257074 ,No,,,ETI M2M SIM
08/16/2024 07:15 PM GST,8997112212774017899,,0,No,,971831008158112,,,No,424024013682859,Activation Ready,,770257074 ,No,,,ETI M2M SIM
08/16/2024 07:15 PM GST,8997112212774017888,,0,No,,971831008134479,,,No,424024013682848,Test Ready,,770257074 ,No,,,ETI M2M SIM
08/16/2024 07:15 PM GST,8997112212774017892,,0,No,,971831008129994,,,No,424024013682852,Activated,12/12/2024,770257074 ,No,,,ETI M2M SIM
08/16/2024 07:15 PM GST,8997112212774017895,,0,No,,971831008153666,,,No,424024013682855,Activation Ready,01/07/2025,770257074 ,No,,,ETI M2M SIM
08/16/2024 07:15 PM GST,8997112212774017891,,0,No,,971831008131901,,,No,424024013682851,Activated,08/27/2025,770257074 ,No,,,ETI M2M SIM
08/16/2024 07:15 PM GST,8997112212774017880,,0,No,,971831008123224,,,No,424024013682840,Activated,12/19/2024,770257074 ,No,,,ETI M2M SIM
08/16/2024 07:15 PM GST,8997112212774017887,,0,No,,971831008178442,,,No,424024013682847,Test Ready,,770257074 ,No,,,ETI M2M SIM
08/16/2024 07:15 PM GST,8997112212774017883,,0,No,,971831008175658,,,No,424024013682843,Test Ready,,770257074 ,No,,,ETI M2M SIM
08/16/2024 07:15 PM GST,8997112212774017879,,0,No,,971831008067531,,,No,424024013682839,Activated,12/19/2024,770257074 ,No,,,ETI M2M SIM
08/16/2024 07:15 PM GST,8997112212774017875,,54.918,Yes,,971831008101091,,,No,424024013682835,Activated,11/12/2024,770257074 ,No,,,ETI M2M SIM
08/16/2024 07:15 PM GST,8997112212774017890,,0,No,,971831008152717,,,No,424024013682850,Test Ready,,770257074 ,No,,,ETI M2M SIM
08/16/2024 07:15 PM GST,8997112212774017886,,0,No,,971831008138476,,,No,424024013682846,Test Ready,,770257074 ,No,,,ETI M2M SIM
08/16/2024 07:15 PM GST,8997112212774017876,,0,No,,971831008114621,,,No,424024013682836,Activated,11/13/2024,770257074 ,No,,,ETI M2M SIM
08/16/2024 07:15 PM GST,8997112212774017882,,3.556,Yes,,971831008153766,,,No,424024013682842,Activated,07/16/2025,770257074 ,No,,,ETI M2M SIM
08/16/2024 07:15 PM GST,8997112212774017878,,0,No,,971831008138614,,,No,424024013682838,Activation Ready,12/13/2024,770257074 ,No,,,ETI M2M SIM
08/16/2024 07:15 PM GST,8997112212774017874,,0,No,,971831008029755,,,No,424024013682834,Activated,11/11/2024,770257074 ,No,,,ETI M2M SIM
08/16/2024 07:15 PM GST,8997112212774017889,,0,No,,971831008182039,,,No,424024013682849,Activated,12/12/2024,770257074 ,No,,,ETI M2M SIM
08/16/2024 07:15 PM GST,8997112212774017885,,0,No,,971831008181311,,,No,424024013682845,Test Ready,,770257074 ,No,,,ETI M2M SIM
08/16/2024 07:15 PM GST,8997112212774017881,,0,No,,971831008185840,,,No,424024013682841,Activated,03/17/2025,770257074 ,No,,,ETI M2M SIM
08/16/2024 07:15 PM GST,8997112212774017877,,0,No,,971831008193036,,,No,424024013682837,Activated,11/12/2024,770257074 ,No,,,ETI M2M SIM
03/06/2024 04:21 PM GST,8997112212770477553,,0,No,,971831007848559,,,No,424024013227506,Activated,09/27/2024,770257074 ,No,,,ETI M2M SIM
03/06/2024 04:21 PM GST,8997112212770477548,,0,No,,971831007911443,,,No,424024013227501,Activation Ready,09/26/2024,770257074 ,No,,,ETI M2M SIM
03/06/2024 04:21 PM GST,8997112212770477549,,0,No,,971831007966994,,,No,424024013227502,Activation Ready,10/07/2024,770257074 ,No,,,ETI M2M SIM
03/06/2024 04:21 PM GST,8997112212770477550,,0,No,,971831007961166,,,No,424024013227503,Activation Ready,10/01/2024,770257074 ,No,,,ETI M2M SIM
03/06/2024 04:21 PM GST,8997112212770477551,,0,No,,971831007964531,,,No,424024013227504,Activated,09/30/2024,770257074 ,No,,,ETI M2M SIM
03/06/2024 04:21 PM GST,8997112212770477552,,0,No,,971831007836788,,,No,424024013227505,Activation Ready,10/02/2024,770257074 ,No,,,ETI M2M SIM
03/06/2024 04:21 PM GST,8997112212770477546,,0,No,,971831007862450,,,No,424024013227499,Activation Ready,10/02/2024,770257074 ,No,,,ETI M2M SIM
03/06/2024 04:21 PM GST,8997112212770477542,,0,No,,971831007893777,,,No,424024013227495,Activation Ready,10/03/2024,770257074 ,No,,,ETI M2M SIM
03/06/2024 04:21 PM GST,8997112212770477544,,0,No,,971831007866808,,,No,424024013227497,Activation Ready,10/02/2024,770257074 ,No,,,ETI M2M SIM
03/06/2024 04:21 PM GST,8997112212770477545,,0,No,,971831007999892,,,No,424024013227498,Activation Ready,10/03/2024,770257074 ,No,,,ETI M2M SIM
03/06/2024 04:21 PM GST,8997112212770477547,,0,No,,971831007913952,,,No,424024013227500,Activation Ready,10/03/2024,770257074 ,No,,,ETI M2M SIM
03/06/2024 04:21 PM GST,8997112212770477541,,0,No,,971831007985596,,,No,424024013227494,Activation Ready,10/03/2024,770257074 ,No,,,ETI M2M SIM
03/06/2024 04:21 PM GST,8997112212770477538,,0,No,,971831007995556,,,No,424024013227491,Activation Ready,10/03/2024,770257074 ,No,,,ETI M2M SIM
03/06/2024 04:21 PM GST,8997112212770477543,,31.361,No,,971831007950672,,,No,424024013227496,Activated,10/07/2024,770257074 ,No,,,ETI M2M SIM
03/06/2024 04:21 PM GST,8997112212770477540,,0,No,,971831007990116,,,No,424024013227493,Activated,10/09/2024,770257074 ,No,,,ETI M2M SIM
03/06/2024 04:21 PM GST,8997112212770477539,,0,No,,971831007854822,,,No,424024013227492,Activation Ready,10/23/2024,770257074 ,No,,,ETI M2M SIM
03/06/2024 04:21 PM GST,8997112212770477537,,0,No,,971831007840167,,,No,424024013227490,Activation Ready,10/15/2024,770257074 ,No,,,ETI M2M SIM
03/06/2024 04:21 PM GST,8997112212770477536,,0,No,,971831007972146,,,No,424024013227489,Activation Ready,10/17/2024,770257074 ,No,,,ETI M2M SIM
03/06/2024 04:21 PM GST,8997112212770477533,,31.351,Yes,,971831007931292,,,No,424024013227486,Activated,10/16/2024,770257074 ,No,,,ETI M2M SIM
03/06/2024 04:21 PM GST,8997112212770477531,,0,No,,971831007900932,,,No,424024013227484,Activation Ready,10/17/2024,770257074 ,No,,,ETI M2M SIM
03/06/2024 04:21 PM GST,8997112212770477532,,0,No,,971831000953644,,,No,424024013227485,Activation Ready,10/15/2024,770257074 ,No,,,ETI M2M SIM
03/06/2024 04:21 PM GST,8997112212770477534,,0,No,,971831007941799,,,No,424024013227487,Activation Ready,10/17/2024,770257074 ,No,,,ETI M2M SIM
03/06/2024 04:21 PM GST,8997112212770477535,,0,No,,971831007981045,,,No,424024013227488,Activated,10/22/2024,770257074 ,No,,,ETI M2M SIM
03/06/2024 04:21 PM GST,8997112212770477530,,0,No,,971831007943715,,,No,424024013227483,Activation Ready,10/14/2024,770257074 ,No,,,ETI M2M SIM
03/06/2024 04:21 PM GST,8997112212770477528,,31.794,Yes,,971831007940292,,,No,424024013227481,Activated,10/14/2024,770257074 ,No,,,ETI M2M SIM
03/06/2024 04:21 PM GST,8997112212770477529,,0,No,,971831007974995,,,No,424024013227482,Activated,10/14/2024,770257074 ,No,,,ETI M2M SIM
03/06/2024 04:21 PM GST,8997112212770477527,,0,No,,971831007714634,,,No,424024013227480,Activation Ready,10/17/2024,770257074 ,No,,,ETI M2M SIM
03/06/2024 04:21 PM GST,8997112212770477524,,0,No,,971831007972670,,,No,424024013227477,Activation Ready,10/22/2024,770257074 ,No,,,ETI M2M SIM
03/06/2024 04:21 PM GST,8997112212770477526,,0,No,,971831007916516,,,No,424024013227479,Activation Ready,10/24/2024,770257074 ,No,,,ETI M2M SIM
03/06/2024 04:21 PM GST,8997112212770477523,,0,No,,971831007737788,,,No,424024013227476,Activated,10/28/2024,770257074 ,No,,,ETI M2M SIM
03/06/2024 04:21 PM GST,8997112212770477522,,0,No,,971831007941676,,,No,424024013227475,Activated,10/28/2024,770257074 ,No,,,ETI M2M SIM
03/06/2024 04:21 PM GST,8997112212770477515,,0,No,,971831007873012,,,No,424024013227468,Activation Ready,10/23/2024,770257074 ,No,,,ETI M2M SIM
03/06/2024 04:21 PM GST,8997112212770477520,,0,No,,971831007945275,,,No,424024013227473,Activation Ready,10/22/2024,770257074 ,No,,,ETI M2M SIM
03/06/2024 04:21 PM GST,8997112212770477510,,0,No,,971831007979225,,,No,424024013227463,Activated,10/28/2024,770257074 ,No,,,ETI M2M SIM
03/06/2024 04:21 PM GST,8997112212770477525,,0,No,,971831007859213,,,No,424024013227478,Activation Ready,10/22/2024,770257074 ,No,,,ETI M2M SIM
03/06/2024 04:21 PM GST,8997112212770477519,,0,No,,971831007981314,,,No,424024013227472,Activation Ready,10/15/2024,770257074 ,No,,,ETI M2M SIM
03/06/2024 04:21 PM GST,8997112212770477514,,27.37,No,,971831007990775,,,No,424024013227467,Activated,10/23/2024,770257074 ,No,,,ETI M2M SIM
03/06/2024 04:21 PM GST,8997112212770477521,,0,No,,971831007985089,,,No,424024013227474,Activated,11/11/2024,770257074 ,No,,,ETI M2M SIM
03/06/2024 04:21 PM GST,8997112212770477518,,0,No,,971831007929703,,,No,424024013227471,Activation Ready,10/15/2024,770257074 ,No,,,ETI M2M SIM
03/06/2024 04:21 PM GST,8997112212770477506,,30.253,Yes,,971831007899180,,,No,424024013227459,Activated,10/22/2024,770257074 ,No,,,ETI M2M SIM
03/06/2024 04:21 PM GST,8997112212770477517,,0,No,,971831007824410,,,No,424024013227470,Activation Ready,10/17/2024,770257074 ,No,,,ETI M2M SIM
03/06/2024 04:21 PM GST,8997112212770477511,,0,No,,971831007834208,,,No,424024013227464,Activated,10/28/2024,770257074 ,No,,,ETI M2M SIM
03/06/2024 04:21 PM GST,8997112212770477516,,0,No,,971831007827629,,,No,424024013227469,Activation Ready,10/18/2024,770257074 ,No,,,ETI M2M SIM
03/06/2024 04:21 PM GST,8997112212770477509,,0,No,,971831007863737,,,No,424024013227462,Activation Ready,10/15/2024,770257074 ,No,,,ETI M2M SIM
03/06/2024 04:21 PM GST,8997112212770477513,,12.059,No,,971831007816173,,,No,424024013227466,Activated,09/09/2024,770257074 ,No,,,ETI M2M SIM
03/06/2024 04:21 PM GST,8997112212770477512,,15.812,No,,971831007981026,,,No,424024013227465,Activated,09/11/2024,770257074 ,No,,,ETI M2M SIM
03/06/2024 04:21 PM GST,8997112212770477505,,17.219,Yes,,971831007919271,,,No,424024013227458,Activated,09/09/2024,770257074 ,No,,,ETI M2M SIM
03/06/2024 04:21 PM GST,8997112212770477507,,0.471,No,,971831007974760,,,No,424024013227460,Activated,09/11/2024,770257074 ,No,,,ETI M2M SIM
03/06/2024 04:21 PM GST,8997112212770477508,,18.06,No,,971831007900989,,,No,424024013227461,Activated,09/11/2024,770257074 ,No,,,ETI M2M SIM
03/06/2024 04:21 PM GST,8997112212770477504,,14.307,No,,971831007942913,,,No,424024013227457,Activated,09/10/2024,770257074 ,No,,,ETI M2M SIM
12/12/2023 01:26 PM GST,8997112212769151161,,23.809,Yes,,971831007805365,,,No,424024013102127,Activated,08/07/2024,770257074 ,No,,,ETI M2M SIM
12/12/2023 01:26 PM GST,8997112212769151160,,26.665,Yes,,971831007882752,,,No,424024013102126,Activated,06/27/2024,770257074 ,No,,,ETI M2M SIM
12/12/2023 01:26 PM GST,8997112212769151156,,22.893,Yes,,971831007815625,,,No,424024013102122,Activated,06/27/2024,770257074 ,No,,,ETI M2M SIM
12/12/2023 01:26 PM GST,8997112212769151152,,0,No,,971831007869684,,,No,424024013102118,Activated,06/28/2024,770257074 ,No,,,ETI M2M SIM
12/12/2023 01:26 PM GST,8997112212769151159,,28.54,Yes,,971831007887908,,,No,424024013102125,Activated,07/04/2024,770257074 ,No,,,ETI M2M SIM
12/12/2023 01:26 PM GST,8997112212769151158,,0,No,,971831007804172,,,No,424024013102124,Activated,06/27/2024,770257074 ,No,,,ETI M2M SIM
12/12/2023 01:26 PM GST,8997112212769151157,,0,No,,971831007884790,,,No,424024013102123,Activated,06/27/2024,770257074 ,No,,,ETI M2M SIM
12/12/2023 01:26 PM GST,8997112212769151154,,0,No,,971831007812468,,,No,424024013102120,Activated,06/28/2024,770257074 ,No,,,ETI M2M SIM
12/12/2023 01:26 PM GST,8997112212769151155,,0,No,,971831007893577,,,No,424024013102121,Activated,06/28/2024,770257074 ,No,,,ETI M2M SIM
12/12/2023 01:26 PM GST,8997112212769151153,,0,No,,971831007866098,,,No,424024013102119,Activated,06/29/2024,770257074 ,No,,,ETI M2M SIM
12/12/2023 01:26 PM GST,8997112212769151148,,0,No,,971831007776602,,,No,424024013102114,Activated,06/29/2024,770257074 ,No,,,ETI M2M SIM
12/12/2023 01:26 PM GST,8997112212769151147,,0,No,,971831007854590,,,No,424024013102113,Activated,06/28/2024,770257074 ,No,,,ETI M2M SIM
12/12/2023 01:26 PM GST,8997112212769151151,,0,No,,971831007898729,,,No,424024013102117,Activated,07/15/2024,770257074 ,No,,,ETI M2M SIM
12/12/2023 01:26 PM GST,8997112212769151143,,0,No,,971831007872170,,,No,424024013102109,Activated,06/28/2024,770257074 ,No,,,ETI M2M SIM
12/12/2023 01:26 PM GST,8997112212769151150,,12.39,No,,971831007838518,,,No,424024013102116,Activated,07/09/2024,770257074 ,No,,,ETI M2M SIM
12/12/2023 01:26 PM GST,8997112212769151139,,0,No,,971831007800719,,,No,424024013102105,Activated,06/28/2024,770257074 ,No,,,ETI M2M SIM
12/12/2023 01:26 PM GST,8997112212769151149,,0,No,,971831007864471,,,No,424024013102115,Activated,06/28/2024,770257074 ,No,,,ETI M2M SIM
12/12/2023 01:26 PM GST,8997112212769151145,,0,No,,971831007859195,,,No,424024013102111,Activated,06/28/2024,770257074 ,No,,,ETI M2M SIM
12/12/2023 01:26 PM GST,8997112212769151144,,54.077,Yes,,971831007863617,,,No,424024013102110,Activated,06/28/2024,770257074 ,No,,,ETI M2M SIM
12/12/2023 01:26 PM GST,8997112212769151146,,27.631,Yes,,971831007835696,,,No,424024013102112,Activated,06/28/2024,770257074 ,No,,,ETI M2M SIM
12/12/2023 01:26 PM GST,8997112212769151142,,0,No,,971831007882571,,,No,424024013102108,Activated,06/28/2024,770257074 ,No,,,ETI M2M SIM
12/12/2023 01:26 PM GST,8997112212769151138,,32.838,Yes,,971831007724747,,,No,424024013102104,Activated,06/28/2024,770257074 ,No,,,ETI M2M SIM
12/12/2023 01:26 PM GST,8997112212769151134,,26.112,Yes,,971831007801909,,,No,424024013102100,Activated,06/28/2024,770257074 ,No,,,ETI M2M SIM
12/12/2023 01:26 PM GST,8997112212769151140,,0,No,,971831007854970,,,No,424024013102106,Activated,06/28/2024,770257074 ,No,,,ETI M2M SIM
12/12/2023 01:26 PM GST,8997112212769151141,LOST-FIRSTFLIGHT,0,No,,971831007821147,,,No,424024013102107,Deactivated,07/12/2024,770257074 ,No,,,ETI M2M SIM
12/12/2023 01:26 PM GST,8997112212769151137,,9.894,No,,971831007831417,,,No,424024013102103,Activated,08/13/2024,770257074 ,No,,,ETI M2M SIM
12/12/2023 01:26 PM GST,8997112212769151133,,0,No,,971831007824307,,,No,424024013102099,Activated,07/05/2024,770257074 ,No,,,ETI M2M SIM
12/12/2023 01:26 PM GST,8997112212769151135,,11.738,No,,971831007744242,,,No,424024013102101,Activated,07/05/2024,770257074 ,No,,,ETI M2M SIM
12/12/2023 01:26 PM GST,8997112212769151129,,0,No,,971831007864549,,,No,424024013102095,Activated,07/09/2024,770257074 ,No,,,ETI M2M SIM
12/12/2023 01:26 PM GST,8997112212769151136,,66.34,Yes,,971831007803933,,,No,424024013102102,Activated,07/08/2024,770257074 ,No,,,ETI M2M SIM
12/12/2023 01:26 PM GST,8997112212769151130,LEXUS - REMOVED SIM,0,No,,971831007790247,,,No,424024013102096,Deactivated,07/04/2024,770257074 ,No,,,ETI M2M SIM
12/12/2023 01:26 PM GST,8997112212769151124,,18.152,Yes,,971831007832966,,,No,424024013102090,Activated,07/05/2024,770257074 ,No,,,ETI M2M SIM
12/12/2023 01:26 PM GST,8997112212769151132,,51.7,Yes,,971831007831134,,,No,424024013102098,Activated,07/10/2024,770257074 ,No,,,ETI M2M SIM
12/12/2023 01:26 PM GST,8997112212769151128,,0,No,,971831007861153,,,No,424024013102094,Activated,07/08/2024,770257074 ,No,,,ETI M2M SIM
12/12/2023 01:26 PM GST,8997112212769151131,,0,No,,971831007809572,,,No,424024013102097,Activated,07/09/2024,770257074 ,No,,,ETI M2M SIM
12/12/2023 01:26 PM GST,8997112212769151125,,0,No,,971831007810519,,,No,424024013102091,Activated,07/09/2024,770257074 ,No,,,ETI M2M SIM
12/12/2023 01:26 PM GST,8997112212769151127,,0,No,,971831007870270,,,No,424024013102093,Activated,07/16/2024,770257074 ,No,,,ETI M2M SIM
12/12/2023 01:26 PM GST,8997112212769151123,,55.642,Yes,,971831007807292,,,No,424024013102089,Activated,07/09/2024,770257074 ,No,,,ETI M2M SIM
12/12/2023 01:26 PM GST,8997112212769151126,,0,No,,971831007881235,,,No,424024013102092,Activated,07/10/2024,770257074 ,No,,,ETI M2M SIM
12/12/2023 01:26 PM GST,8997112212769151120,,26.102,Yes,,971831007864311,,,No,424024013102086,Activated,07/10/2024,770257074 ,No,,,ETI M2M SIM
12/12/2023 01:26 PM GST,8997112212769151122,,0,No,,971831007785515,,,No,424024013102088,Activated,07/05/2024,770257074 ,No,,,ETI M2M SIM
12/12/2023 01:26 PM GST,8997112212769151119,,0,No,,971831007800504,,,No,424024013102085,Activated,08/22/2024,770257074 ,No,,,ETI M2M SIM
12/12/2023 01:26 PM GST,8997112212769151121,,29.825,Yes,,971831007713948,,,No,424024013102087,Activated,07/15/2024,770257074 ,No,,,ETI M2M SIM
12/12/2023 01:26 PM GST,8997112212769151118,,6.314,No,,971831007831023,,,No,424024013102084,Activated,08/22/2024,770257074 ,No,,,ETI M2M SIM
12/12/2023 01:26 PM GST,8997112212769151114,,26.509,Yes,,971831007829102,,,No,424024013102080,Activated,07/05/2024,770257074 ,No,,,ETI M2M SIM
12/12/2023 01:26 PM GST,8997112212769151115,,8.618,No,,971831007846692,,,No,424024013102081,Activated,07/09/2024,770257074 ,No,,,ETI M2M SIM
12/12/2023 01:26 PM GST,8997112212769151117,,26.424,Yes,,971831007008127,,,No,424024013102083,Activated,07/11/2024,770257074 ,No,,,ETI M2M SIM
12/12/2023 01:26 PM GST,8997112212769151113,,26.524,Yes,,971831007824846,,,No,424024013102079,Activated,07/16/2024,770257074 ,No,,,ETI M2M SIM
12/12/2023 01:26 PM GST,8997112212769151116,,23.517,Yes,,971831007867370,,,No,424024013102082,Activated,07/15/2024,770257074 ,No,,,ETI M2M SIM
12/12/2023 01:26 PM GST,8997112212769151112,,8.132,No,,971831007794708,,,No,424024013102078,Activated,08/13/2024,770257074 ,No,,,ETI M2M SIM
03/20/2023 10:50 AM GST,8997112212764920409,TEST-FMC130-67975,0,No,,971831000185776,,,No,424024012496600,Activated,11/14/2023,770257074 ,No,,,ETI M2M SIM
03/20/2023 10:50 AM GST,8997112212764920408,,0,No,,971831000115759,,,No,424024012496599,Activated,11/16/2023,770257074 ,No,,,ETI M2M SIM
03/20/2023 10:50 AM GST,8997112212764920405,Meera,4.585,No,,971831000267246,,,No,424024012496596,Activated,01/10/2024,770257074 ,No,,,ETI M2M SIM
03/20/2023 10:50 AM GST,8997112212764920407,Pranil,3.122,Yes,,971831000713185,,,No,424024012496598,Activated,01/10/2024,770257074 ,No,,,ETI M2M SIM
03/20/2023 10:50 AM GST,8997112212764920406,Yasser,5.244,No,,971831000534885,,,No,424024012496597,Activated,01/11/2024,770257074 ,No,,,ETI M2M SIM
03/20/2023 10:50 AM GST,8997112212764920404,Aneesh,6.052,Yes,,971831000124708,,,No,424024012496595,Activated,01/11/2024,770257074 ,No,,,ETI M2M SIM
03/20/2023 10:50 AM GST,8997112212764920401,Jasson,15.275,Yes,,971831000075002,,,No,424024012496592,Activated,01/11/2024,770257074 ,No,,,ETI M2M SIM
03/20/2023 10:50 AM GST,8997112212764920402,Jinan,0,No,,971831000209805,,,No,424024012496593,Activated,01/11/2024,770257074 ,No,,,ETI M2M SIM
03/20/2023 10:50 AM GST,8997112212764920399,Zameer,0,No,,971831007594320,,,No,424024012496590,Activated,01/11/2024,770257074 ,No,,,ETI M2M SIM
03/20/2023 10:50 AM GST,8997112212764920403,Monimon,4.389,Yes,,971831000720839,,,No,424024012496594,Activated,01/11/2024,770257074 ,No,,,ETI M2M SIM
03/20/2023 10:50 AM GST,8997112212764920398,Riea,6.666,No,,971831000261551,,,No,424024012496589,Activated,01/11/2024,770257074 ,No,,,ETI M2M SIM
03/20/2023 10:50 AM GST,8997112212764920400,TEST-FMC150-31869,82.338,Yes,,971831000502242,,,No,424024012496591,Activated,01/11/2024,770257074 ,No,,,ETI M2M SIM
03/20/2023 10:50 AM GST,8997112212764920397,LOST - SGS - GHULFAM ALI,0,No,,971831007558397,,,No,424024012496588,Deactivated,01/11/2024,770257074 ,No,,,ETI M2M SIM
03/20/2023 10:50 AM GST,8997112212764920394,LOST-SGS-Abdul Basheer,0,No,,971831100298472,,,No,424024012496585,Deactivated,01/11/2024,770257074 ,No,,,ETI M2M SIM
03/20/2023 10:50 AM GST,8997112212764920395,Ravi,0,No,,971831000750340,,,No,424024012496586,Activated,01/12/2024,770257074 ,No,,,ETI M2M SIM
03/20/2023 10:50 AM GST,8997112212764920391,,0,No,,971831100236716,,,No,424024012496582,Activated,01/16/2024,770257074 ,No,,,ETI M2M SIM
03/20/2023 10:50 AM GST,8997112212764920396,,4.46,Yes,,971831000028581,,,No,424024012496587,Activated,01/16/2024,770257074 ,No,,,ETI M2M SIM
03/20/2023 10:50 AM GST,8997112212764920393,,14.889,No,,971831001091989,,,No,424024012496584,Activated,01/16/2024,770257074 ,No,,,ETI M2M SIM
03/20/2023 10:50 AM GST,8997112212764920390,,11.428,No,,971831007523062,,,No,424024012496581,Activated,01/15/2024,770257074 ,No,,,ETI M2M SIM
03/20/2023 10:50 AM GST,8997112212764920388,Shijil-Shojo - 20,48.107,Yes,,971831000753024,,,No,424024012496579,Activated,01/15/2024,770257074 ,No,,,ETI M2M SIM
03/20/2023 10:50 AM GST,8997112212764920387,,10.826,No,,971831000077184,,,No,424024012496578,Activated,01/16/2024,770257074 ,No,,,ETI M2M SIM
03/20/2023 10:50 AM GST,8997112212764920392,,26.478,Yes,,971831000121557,,,No,424024012496583,Activated,01/16/2024,770257074 ,No,,,ETI M2M SIM
03/20/2023 10:50 AM GST,8997112212764920389,,67.076,No,,971831000268751,,,No,424024012496580,Activated,01/17/2024,770257074 ,No,,,ETI M2M SIM
03/20/2023 10:50 AM GST,8997112212764920386,,5.399,Yes,,971831007591465,,,No,424024012496577,Activated,01/16/2024,770257074 ,No,,,ETI M2M SIM
03/20/2023 10:50 AM GST,8997112212764920385,LOST-SGS-MOHD TAHA,0,No,,971831000778068,,,No,424024012496576,Deactivated,01/17/2024,770257074 ,No,,,ETI M2M SIM
03/20/2023 10:50 AM GST,8997112212764920067,LOST-SGS-SUNNY PUTHOOR,0,No,,971831000752086,,,No,424024012496258,Deactivated,01/18/2024,770257074 ,No,,,ETI M2M SIM
03/20/2023 10:50 AM GST,8997112212764920064,TEST-FMC130-99724,0,No,,971831000083815,,,No,424024012496255,Activated,01/18/2024,770257074 ,No,,,ETI M2M SIM
03/20/2023 10:50 AM GST,8997112212764920061,,28.918,Yes,,971831007448831,,,No,424024012496252,Activated,01/18/2024,770257074 ,No,,,ETI M2M SIM
03/20/2023 10:50 AM GST,8997112212764920063,,0,No,,971831007505043,,,No,424024012496254,Activated,01/18/2024,770257074 ,No,,,ETI M2M SIM
03/20/2023 10:50 AM GST,8997112212764920068,,15.503,Yes,,971831001021915,,,No,424024012496259,Activated,01/22/2024,770257074 ,No,,,ETI M2M SIM
03/20/2023 10:50 AM GST,8997112212764920066,,0,No,,971831000745482,,,No,424024012496257,Deactivated,02/01/2024,770257074 ,No,,,ETI M2M SIM
03/20/2023 10:50 AM GST,8997112212764920065,,0,No,,971831000735857,,,No,424024012496256,Activated,01/18/2024,770257074 ,No,,,ETI M2M SIM
03/20/2023 10:50 AM GST,8997112212764920062,,3.395,No,,971831000737647,,,No,424024012496253,Activated,05/27/2024,770257074 ,No,,,ETI M2M SIM
03/20/2023 10:50 AM GST,8997112212764920060,,0,No,,971831000755707,,,No,424024012496251,Activated,02/06/2024,770257074 ,No,,,ETI M2M SIM
03/20/2023 10:50 AM GST,8997112212764920057,,7.538,Yes,,971831007521114,,,No,424024012496248,Activated,02/05/2024,770257074 ,No,,,ETI M2M SIM
03/20/2023 10:50 AM GST,8997112212764920058,,21.882,No,,971831007582878,,,No,424024012496249,Activated,02/01/2024,770257074 ,No,,,ETI M2M SIM
03/20/2023 10:50 AM GST,8997112212764920054,TEST-FMC130 -73205,0,No,,971831007551820,,,No,424024012496245,Activated,02/01/2024,770257074 ,No,,,ETI M2M SIM
03/20/2023 10:50 AM GST,8997112212764920056,,17.126,No,,971831000043519,,,No,424024012496247,Activated,05/28/2024,770257074 ,No,,,ETI M2M SIM
03/20/2023 10:50 AM GST,8997112212764920059,,5.013,Yes,,971831007500262,,,No,424024012496250,Activated,02/01/2024,770257074 ,No,,,ETI M2M SIM
03/20/2023 10:50 AM GST,8997112212764920053,,6.893,No,,971831000137314,,,No,424024012496244,Activated,02/01/2024,770257074 ,No,,,ETI M2M SIM
03/20/2023 10:50 AM GST,8997112212764920055,,4.263,Yes,,971831000752687,,,No,424024012496246,Activated,05/28/2024,770257074 ,No,,,ETI M2M SIM
03/20/2023 10:50 AM GST,8997112212764920050,,5.682,Yes,,971831007580617,,,No,424024012496241,Activated,05/29/2024,770257074 ,No,,,ETI M2M SIM
03/20/2023 10:50 AM GST,8997112212764920051,,17.914,Yes,,971831000721225,,,No,424024012496242,Activated,05/29/2024,770257074 ,No,,,ETI M2M SIM
03/20/2023 10:50 AM GST,8997112212764920047,,6.406,Yes,,971831007510589,,,No,424024012496238,Activated,06/13/2024,770257074 ,No,,,ETI M2M SIM
03/20/2023 10:50 AM GST,8997112212764920048,,11.051,Yes,,971831000184124,,,No,424024012496239,Activated,06/13/2024,770257074 ,No,,,ETI M2M SIM
03/20/2023 10:50 AM GST,8997112212764920044,,10.767,No,,971831007521963,,,No,424024012496235,Activated,08/21/2024,770257074 ,No,,,ETI M2M SIM
03/20/2023 10:50 AM GST,8997112212764920052,,4.955,No,,971831000125980,,,No,424024012496243,Activated,07/01/2024,770257074 ,No,,,ETI M2M SIM
03/20/2023 10:50 AM GST,8997112212764920049,,9.01,No,,971831000768069,,,No,424024012496240,Activated,07/03/2024,770257074 ,No,,,ETI M2M SIM
03/20/2023 10:50 AM GST,8997112212764920046,,4.027,No,,971831000981381,,,No,424024012496237,Activated,07/03/2024,770257074 ,No,,,ETI M2M SIM
03/20/2023 10:50 AM GST,8997112212764920045,,10.749,No,,971831000457142,,,No,424024012496236,Activated,02/19/2024,770257074 ,No,,,ETI M2M SIM